tempC,rh,itLoadKW,electricityPrice,waterPrice,carbonFactor,bestTechnique
36.8269,67.8256,755.6950,0.1054,1.7642,0.6969,ChilledWater
26.0635,39.3024,1034.5764,0.2066,2.3225,0.4401,Evaporative
37.4972,47.0597,519.2813,0.1689,0.7615,0.6543,ChilledWater
20.1665,61.1199,1552.3047,0.1642,1.5761,0.6139,AirEconomizer
15.9425,45.0544,1672.0345,0.1335,2.4429,0.5924,AirEconomizer
29.4172,40.4160,1909.7482,0.2141,1.7006,0.4030,Evaporative
25.8076,50.4263,1023.1708,0.1445,1.3318,0.6550,Evaporative
19.5309,78.3706,1028.5515,0.1061,0.7311,0.2986,Evaporative
40.9706,54.0613,957.7491,0.1766,1.8397,0.3734,ChilledWater
32.1486,45.9709,1769.2663,0.2111,1.6557,0.4059,Evaporative
35.9175,83.6030,553.0647,0.2118,1.6815,0.4549,ChilledWater
24.1674,57.7937,1343.1998,0.0753,1.3941,0.2150,Evaporative
16.0945,53.8691,1379.0961,0.1292,2.3684,0.4115,AirEconomizer
34.3870,73.9326,1809.2770,0.1698,2.4473,0.2424,ChilledWater
38.2536,39.5176,1818.5696,0.1248,1.2489,0.3828,ChilledWater
24.4544,50.9915,373.6116,0.1990,0.6759,0.6430,Evaporative
19.1937,26.5063,248.6538,0.1597,0.9208,0.7321,AirEconomizer
42.1350,44.0760,225.3005,0.2119,1.4473,0.6593,ChilledWater
32.5038,68.1772,1201.4880,0.0732,1.5947,0.6923,Evaporative
33.7943,46.7807,1826.5252,0.2167,0.8724,0.7292,ChilledWater
26.9261,60.1474,664.6970,0.2143,1.7502,0.5378,Evaporative
29.6459,45.3029,1528.3669,0.2211,1.0474,0.6169,Evaporative
36.7823,55.5994,1595.7379,0.1252,2.1982,0.5834,ChilledWater
19.8039,76.0043,1505.8092,0.2090,2.1111,0.6677,Evaporative
44.5494,29.0389,1305.3707,0.1586,0.6360,0.4940,ChilledWater
31.4698,42.9992,1496.2244,0.1276,0.3335,0.2566,Evaporative
18.1157,32.1258,1815.7409,0.1338,2.1644,0.3851,AirEconomizer
27.6961,23.6685,1285.2100,0.0832,1.3609,0.5150,Evaporative
30.5190,69.7817,1417.5042,0.2202,2.0255,0.3594,Evaporative
26.0846,55.3741,711.9610,0.2450,1.5582,0.2674,Evaporative
28.0381,58.4418,1238.1238,0.1955,1.6113,0.6499,Evaporative
41.5129,46.0978,1363.4346,0.2180,0.5131,0.7023,ChilledWater
33.4027,61.0420,489.9104,0.2499,1.5968,0.6286,Evaporative
30.5244,25.2300,1092.3849,0.0852,1.3941,0.5790,Evaporative
34.5848,45.1200,1191.5761,0.2034,1.4566,0.2974,ChilledWater
36.3779,58.3045,1028.9140,0.1178,0.3902,0.6387,ChilledWater
36.1501,41.2581,1351.0133,0.1632,1.4366,0.4944,ChilledWater
22.9201,31.1058,1458.5073,0.1286,1.3003,0.3474,Evaporative
29.4729,49.0087,1259.7092,0.0822,0.8734,0.4812,Evaporative
22.4285,64.2679,811.5911,0.1811,2.0896,0.7420,Evaporative
30.2574,86.4159,680.6490,0.1787,2.3784,0.5244,Evaporative
37.3659,29.2406,1450.4702,0.0785,1.4823,0.2365,ChilledWater
36.7590,67.2867,1711.7586,0.1461,1.0347,0.6446,ChilledWater
38.5953,40.3178,1149.0749,0.1344,2.4193,0.7193,ChilledWater
39.8643,77.4622,1775.8809,0.1190,2.1958,0.4314,ChilledWater
33.0260,85.3013,1939.2645,0.1746,0.6799,0.4364,Evaporative
16.7615,47.5029,325.9752,0.0701,2.3158,0.3112,AirEconomizer
31.8897,59.3191,344.5079,0.1334,1.5323,0.2551,Evaporative
33.3251,84.4265,260.6770,0.0859,2.4944,0.6078,Evaporative
16.8956,42.3220,1337.5807,0.1955,0.3633,0.6469,AirEconomizer
26.5383,79.4225,1120.5474,0.2126,2.4748,0.5025,Evaporative
15.3662,30.8511,443.4871,0.1850,1.8172,0.7061,AirEconomizer
27.2897,81.8210,1879.2889,0.0789,1.2974,0.2813,Evaporative
37.1296,38.7981,262.1379,0.2259,1.4693,0.6914,ChilledWater
15.7080,51.9991,756.8991,0.0811,1.6796,0.4539,AirEconomizer
35.4221,60.0778,1307.3850,0.1916,1.8520,0.4856,ChilledWater
35.8368,37.3904,563.1790,0.1679,1.6696,0.6833,ChilledWater
31.3546,88.3814,449.8317,0.1159,2.1617,0.5655,Evaporative
23.9031,36.2937,1630.2073,0.1799,1.0023,0.2948,Evaporative
26.5991,65.5047,1410.4123,0.1707,0.7775,0.6114,Evaporative
34.6954,33.7803,211.3393,0.0879,1.2744,0.3141,ChilledWater
31.8760,30.1214,480.0484,0.2108,1.2452,0.5106,Evaporative
23.6457,82.6608,311.9821,0.1294,1.3498,0.6904,Evaporative
29.5506,43.3162,937.7682,0.0509,0.3981,0.7244,Evaporative
28.0962,30.1955,273.8440,0.1685,0.9074,0.3221,Evaporative
37.1968,55.6991,305.4865,0.1776,1.4171,0.7404,ChilledWater
39.9340,28.0215,1259.5533,0.1978,1.5495,0.4850,ChilledWater
25.3394,73.4906,1412.2200,0.0984,1.6670,0.6772,Evaporative
43.2905,78.6182,678.4815,0.1647,2.4025,0.2044,ChilledWater
36.7597,77.5964,1843.8305,0.2063,0.4871,0.5869,ChilledWater
15.3280,66.5445,1757.3088,0.2341,1.4614,0.6711,AirEconomizer
26.7287,20.3868,1926.4569,0.0750,1.5615,0.3757,Evaporative
35.2755,76.6569,1090.3083,0.2024,2.0540,0.4725,ChilledWater
23.3288,69.6485,532.6212,0.1130,1.0486,0.2686,Evaporative
36.8250,54.5545,704.5251,0.2427,1.1342,0.5964,ChilledWater
24.6321,87.9979,1508.5612,0.0806,1.3081,0.5969,Evaporative
21.7665,46.5949,543.9693,0.1042,1.6496,0.4635,Evaporative
44.9231,28.9233,999.6638,0.1221,1.4327,0.3725,ChilledWater
18.3124,87.9895,1514.6381,0.0892,0.7761,0.5102,ChilledWater
25.3851,47.5685,1397.9417,0.0819,2.2609,0.4917,Evaporative
25.9533,57.7103,338.6281,0.2109,0.3589,0.5184,Evaporative
25.7172,45.3747,451.3213,0.1552,1.7275,0.3271,Evaporative
39.8879,78.2260,1440.7935,0.0778,2.4597,0.4859,ChilledWater
32.0027,82.7688,1459.0714,0.1809,1.4942,0.2700,Evaporative
42.0812,46.4375,935.3503,0.0617,1.6715,0.2803,ChilledWater
22.8224,73.2123,831.0336,0.1037,1.9934,0.5831,Evaporative
32.8358,59.5933,1492.5246,0.1895,1.8301,0.7453,Evaporative
40.0879,55.1231,1610.3745,0.1238,1.9128,0.6527,ChilledWater
36.3948,86.4394,246.7849,0.1500,1.9305,0.4098,ChilledWater
33.3630,65.4361,1450.4083,0.2130,1.1590,0.7052,Evaporative
26.5488,39.3974,1358.3977,0.2211,0.4358,0.2971,Evaporative
36.5539,29.8861,1595.6060,0.2039,1.6395,0.7130,ChilledWater
33.4844,68.1621,1158.9861,0.2187,2.3536,0.2973,Evaporative
33.7609,30.4794,1645.2250,0.1549,1.2268,0.5646,ChilledWater
21.1831,38.7733,1799.4718,0.1151,1.6528,0.2895,Evaporative
26.8253,20.0632,1875.0683,0.1611,0.5853,0.2656,Evaporative
15.5736,74.9410,575.2208,0.2095,1.1891,0.4408,AirEconomizer
40.6434,77.4055,258.6989,0.2159,2.1725,0.4124,ChilledWater
27.3380,80.1883,1428.4141,0.2199,2.1202,0.4661,Evaporative
33.6809,73.7709,1664.0067,0.1287,1.0611,0.4524,ChilledWater
29.7869,30.2304,1121.6038,0.2319,2.3989,0.6974,Evaporative
20.2885,43.6042,804.3459,0.0796,2.0694,0.6978,AirEconomizer
41.5468,34.9144,439.1165,0.0712,2.1573,0.3481,ChilledWater
18.4041,27.6304,1395.5302,0.1317,1.8351,0.7074,AirEconomizer
35.9371,78.0247,704.4060,0.1657,0.8150,0.6004,ChilledWater
21.0202,66.4329,1010.7940,0.1285,2.1201,0.4361,Evaporative
33.8704,31.2916,901.6563,0.1325,1.9823,0.4072,ChilledWater
42.4029,86.3922,1135.3991,0.0879,0.9963,0.3246,ChilledWater
24.8708,26.0434,1958.8787,0.1632,1.0621,0.3747,Evaporative
40.4699,47.7474,1700.8834,0.2445,1.4268,0.2161,ChilledWater
31.3798,42.1021,887.4444,0.1867,1.7012,0.2783,Evaporative
34.9652,46.4852,1326.0241,0.1142,1.5284,0.3376,ChilledWater
44.9120,48.7494,1279.4370,0.1646,0.4930,0.3200,ChilledWater
17.1162,37.7687,207.4007,0.1345,2.0839,0.6758,AirEconomizer
28.8196,86.8749,1739.4062,0.1171,1.5872,0.5511,Evaporative
40.3124,38.6864,1887.0213,0.1909,0.8525,0.4575,ChilledWater
21.4419,34.7704,371.0483,0.1921,1.1293,0.2156,Evaporative
43.0187,82.2298,577.7898,0.0591,1.7227,0.6121,ChilledWater
35.2396,52.4425,1452.0367,0.0685,1.9191,0.5135,ChilledWater
24.6160,82.6069,1549.6651,0.0860,1.1455,0.2553,Evaporative
42.1542,20.7954,911.6664,0.2380,1.7533,0.5444,ChilledWater
32.1582,54.2487,1270.1836,0.0902,1.7922,0.6776,Evaporative
32.8834,42.5683,1576.1765,0.2274,2.2005,0.3126,Evaporative
41.1410,33.1883,1552.5846,0.0916,0.7906,0.7088,ChilledWater
18.0254,41.5141,965.5579,0.2101,1.0447,0.3148,AirEconomizer
36.2992,79.8725,693.1007,0.0773,1.0069,0.6060,ChilledWater
22.1251,84.9670,1513.3486,0.1130,2.3256,0.7300,Evaporative
29.1802,46.9059,276.0457,0.1758,0.4682,0.7254,Evaporative
37.5390,52.6723,1437.3635,0.0514,1.4079,0.6998,ChilledWater
37.7872,83.7387,1991.1493,0.1473,1.1438,0.5937,ChilledWater
33.7410,71.5369,1314.5043,0.1155,2.2154,0.5122,ChilledWater
29.9432,32.8733,1842.1641,0.2006,0.7425,0.4365,Evaporative
39.2023,41.8115,706.7367,0.1970,1.4825,0.2016,ChilledWater
36.1956,78.7974,729.0845,0.2174,2.3214,0.5533,ChilledWater
27.3060,55.1242,348.0180,0.0756,1.3901,0.6791,Evaporative
20.0651,71.5449,958.3920,0.1105,1.5522,0.6491,Evaporative
44.8950,38.7634,1033.4067,0.1841,1.0837,0.7334,ChilledWater
23.2364,41.5415,776.5604,0.2460,0.6412,0.4436,Evaporative
22.0042,63.6411,1251.7765,0.1416,0.4997,0.6252,Evaporative
40.8970,21.2097,331.6220,0.2419,1.3621,0.6260,ChilledWater
44.0891,35.4711,372.5056,0.0798,1.0653,0.7008,ChilledWater
17.8480,51.6892,1545.9222,0.2018,1.6255,0.6148,AirEconomizer
33.6430,79.8565,234.2067,0.1961,0.7817,0.6611,Evaporative
19.2455,49.9732,430.2530,0.1571,0.8817,0.3541,AirEconomizer
36.4788,52.2051,1290.0069,0.2410,0.9512,0.2522,ChilledWater
40.8754,62.7639,985.3819,0.1762,1.8321,0.6997,ChilledWater
29.1584,82.6807,1039.0851,0.1911,2.3644,0.4861,Evaporative
32.7214,68.4227,821.5610,0.0546,1.4095,0.3989,Evaporative
28.0592,44.7458,718.1166,0.1726,2.1288,0.5536,Evaporative
36.2555,87.5181,1579.9199,0.1168,1.5790,0.6647,ChilledWater
27.4019,63.2636,338.9720,0.1816,0.6868,0.2647,Evaporative
40.3652,45.6702,561.7190,0.0583,1.6083,0.2783,ChilledWater
23.1933,64.6031,340.4621,0.0966,0.7497,0.5328,Evaporative
23.1226,59.6448,1662.2587,0.1101,2.2601,0.6247,Evaporative
32.4977,86.7270,772.1156,0.0982,0.6536,0.6706,Evaporative
26.7114,58.9692,1765.8096,0.1383,1.4695,0.2791,Evaporative
32.7065,51.8416,446.9224,0.0996,1.2320,0.7236,Evaporative
20.7472,50.7233,1586.2507,0.1906,1.6848,0.5627,Evaporative
33.5587,67.8516,287.6694,0.1467,0.4957,0.5985,Evaporative
44.9558,64.6008,1135.1732,0.0638,0.7735,0.2242,ChilledWater
35.5470,57.5843,1747.9430,0.1712,0.4082,0.3293,ChilledWater
15.7239,68.8442,765.0238,0.1025,1.4232,0.6832,AirEconomizer
42.0513,66.5389,514.0652,0.1771,1.2548,0.7315,ChilledWater
42.3907,25.2232,1469.4382,0.2438,1.9027,0.3902,ChilledWater
19.0515,30.7625,488.1787,0.0996,0.7142,0.7124,AirEconomizer
38.3196,82.8579,1626.2299,0.0927,1.0889,0.5130,ChilledWater
25.5974,36.3678,1715.3877,0.2099,1.5623,0.3881,Evaporative
18.7718,66.3816,1840.5731,0.1547,1.0145,0.5562,AirEconomizer
20.3559,71.1843,449.3105,0.2388,1.3628,0.6034,Evaporative
32.3993,23.6938,986.7382,0.0620,1.2415,0.5053,Evaporative
24.5024,77.0668,950.5928,0.1598,1.7314,0.5138,Evaporative
25.7802,72.3724,1156.3073,0.1083,0.5312,0.4601,Evaporative
38.9890,38.4910,1081.8764,0.2122,0.5975,0.3610,ChilledWater
20.8414,21.6940,1999.1194,0.0513,1.9405,0.6867,AirEconomizer
24.7997,89.2220,1500.4139,0.2481,2.1333,0.5146,Evaporative
33.2443,39.1576,1690.2638,0.1637,1.6538,0.6681,Evaporative
28.1883,84.0713,655.9641,0.0673,0.8698,0.3024,Evaporative
25.8564,36.4075,1072.2618,0.0911,2.1333,0.3747,Evaporative
39.0987,57.0409,676.8002,0.2412,1.1750,0.4230,ChilledWater
25.2853,69.5255,1406.1457,0.2339,2.1573,0.2573,Evaporative
29.9787,50.5051,1570.6058,0.2469,0.5357,0.2601,Evaporative
21.1258,82.7896,1818.4654,0.0907,1.2090,0.3831,ChilledWater
44.0271,32.4929,979.7302,0.1076,0.9498,0.2192,ChilledWater
37.0507,33.1905,353.3230,0.0894,1.0727,0.4946,ChilledWater
16.5503,40.6056,1811.7212,0.1907,2.4151,0.5092,AirEconomizer
20.1709,35.2533,529.3562,0.0956,2.3996,0.4678,AirEconomizer
30.5559,31.6462,1816.2447,0.1310,0.5797,0.3722,Evaporative
30.1991,52.0310,1861.1611,0.2128,1.4159,0.7341,Evaporative
27.9774,65.6309,1998.4516,0.2335,1.9091,0.4962,Evaporative
22.8698,38.5156,1532.9656,0.0886,0.6613,0.3032,Evaporative
40.9955,71.5215,1446.5424,0.1715,1.8187,0.6493,ChilledWater
22.8019,48.1572,509.4362,0.1047,0.4673,0.3926,Evaporative
33.8149,59.7354,307.7284,0.1132,1.5198,0.7396,ChilledWater
29.5343,51.6866,634.3177,0.1644,2.0175,0.3188,Evaporative
43.9532,33.2835,1471.9828,0.2126,1.4372,0.4331,ChilledWater
26.8236,40.0064,1502.1809,0.0949,1.6608,0.6514,Evaporative
33.6138,25.2307,216.9202,0.0550,2.3660,0.2068,Evaporative
39.4606,79.5445,1291.8686,0.1525,0.8961,0.5113,ChilledWater
16.0409,35.0894,1229.8388,0.1856,0.4565,0.6204,AirEconomizer
43.8473,89.1600,1322.3036,0.1602,1.2895,0.2161,ChilledWater
18.8926,20.7278,654.4033,0.2454,0.8417,0.3130,AirEconomizer
18.3695,72.4437,832.1422,0.2179,0.9421,0.4345,AirEconomizer
36.6204,55.4159,509.6447,0.1098,1.4532,0.7157,ChilledWater
17.2076,78.0782,394.3255,0.1014,0.5839,0.5107,AirEconomizer
26.6052,71.7280,1597.8965,0.1619,1.5092,0.4220,Evaporative
36.6489,33.7995,1454.9043,0.2156,0.3384,0.4101,ChilledWater
29.3785,85.1838,655.9809,0.2399,0.9033,0.2699,Evaporative
36.1961,76.4472,1932.5790,0.0822,1.8707,0.6110,ChilledWater
41.6441,30.7368,1010.4079,0.0723,0.6731,0.6696,ChilledWater
37.8126,51.5966,431.2215,0.2265,1.8168,0.2853,ChilledWater
22.0177,74.5017,1772.5413,0.1591,1.6845,0.2014,Evaporative
15.5023,41.3338,202.2117,0.1820,0.8688,0.3179,AirEconomizer
23.4166,61.4674,853.6334,0.0693,1.2295,0.5642,Evaporative
24.0903,57.8647,746.7456,0.1527,2.4908,0.4542,Evaporative
32.8537,77.3481,1392.3254,0.2081,1.0079,0.2258,Evaporative
30.5561,63.8447,1470.3386,0.0649,0.9293,0.2037,Evaporative
39.0355,59.2065,768.6538,0.0542,1.1342,0.6603,ChilledWater
43.5624,47.5687,1092.5703,0.0985,0.5924,0.6468,ChilledWater
20.6078,35.0129,428.8008,0.0905,1.9972,0.3051,AirEconomizer
36.9333,82.4828,774.6878,0.1174,0.7773,0.2533,ChilledWater
43.1614,46.9115,1663.7721,0.1357,1.7851,0.4344,ChilledWater
30.7531,35.8564,1956.0013,0.1152,1.7451,0.3753,Evaporative
41.1843,56.6184,1072.8771,0.1434,0.8849,0.4185,ChilledWater
19.4903,30.8988,1887.0819,0.0573,2.4617,0.5102,AirEconomizer
22.0359,34.1102,499.3371,0.1582,1.7633,0.4844,Evaporative
40.0971,30.1114,213.5851,0.1372,1.3549,0.6666,ChilledWater
42.7198,42.5397,1550.5381,0.2142,1.3467,0.2411,ChilledWater
34.3908,75.2309,899.1001,0.0656,0.9703,0.6746,ChilledWater
26.7457,83.1727,1209.3935,0.1236,1.3268,0.2572,Evaporative
39.1932,30.7549,878.7402,0.1856,1.6516,0.2471,ChilledWater
27.6965,34.0459,305.9733,0.1321,2.4414,0.4568,Evaporative
34.6895,53.7299,1907.2639,0.1446,1.1175,0.6879,ChilledWater
18.2563,85.0260,550.0065,0.1231,1.8025,0.2493,ChilledWater
26.2582,22.2418,1306.3336,0.1682,1.4617,0.3822,Evaporative
28.4055,29.9810,1025.0543,0.2153,1.7779,0.4172,Evaporative
37.6359,48.8635,525.0907,0.0534,2.2613,0.6254,ChilledWater
24.2531,23.8818,1714.1009,0.2423,2.1696,0.7119,Evaporative
43.6970,73.1978,806.5468,0.0518,0.7466,0.2624,ChilledWater
39.5517,58.8058,1363.9992,0.1035,1.0765,0.7468,ChilledWater
29.3631,49.5965,999.3584,0.2243,1.9570,0.5578,Evaporative
35.3315,58.0477,1002.6611,0.1555,2.2800,0.5783,ChilledWater
27.2010,52.1410,870.3759,0.2356,0.8860,0.7138,Evaporative
29.2877,51.8210,898.0682,0.0546,1.8471,0.3832,Evaporative
30.1251,39.0407,1757.9259,0.1117,2.0042,0.6268,Evaporative
35.5725,41.3919,1292.1341,0.1732,0.7102,0.4725,ChilledWater
37.2905,22.7341,1259.1075,0.2011,2.0399,0.5984,ChilledWater
37.4664,60.8913,1255.1352,0.0972,1.4504,0.2258,ChilledWater
30.7468,40.1713,1666.4519,0.0763,0.8940,0.6212,Evaporative
30.0443,87.5321,287.8802,0.1584,2.1880,0.5898,Evaporative
17.7135,20.0136,1260.1168,0.1682,1.6709,0.6586,AirEconomizer
17.4013,51.4913,648.9784,0.0770,0.3647,0.4076,AirEconomizer
28.4512,89.8035,521.3566,0.1562,1.2146,0.6747,Evaporative
29.2686,86.3186,1003.5147,0.1762,1.6908,0.3336,Evaporative
32.6167,26.5386,1461.3290,0.1329,1.0592,0.5453,Evaporative
44.9237,59.3938,1677.1343,0.0877,1.2255,0.3383,ChilledWater
37.7272,58.5270,1956.3699,0.1284,1.7207,0.4448,ChilledWater
18.1908,89.6820,555.9844,0.1914,0.8571,0.6752,ChilledWater
21.9013,74.9081,1846.6895,0.1148,0.7910,0.2097,Evaporative
26.0255,46.8195,1298.1574,0.2269,0.5590,0.3583,Evaporative
19.4021,21.7904,390.0097,0.1120,1.5246,0.3200,AirEconomizer
34.6932,71.4161,216.2227,0.1789,0.7088,0.4453,ChilledWater
41.6787,70.5882,1464.9870,0.0919,1.9544,0.4725,ChilledWater
21.8772,71.3699,753.1319,0.0653,1.0782,0.6774,Evaporative
38.5838,84.8341,691.3338,0.2156,0.4168,0.6408,ChilledWater
40.1893,32.9654,905.2272,0.0630,1.0263,0.4484,ChilledWater
44.2400,66.4983,1774.3703,0.1493,1.7230,0.4762,ChilledWater
37.5093,68.5631,1646.2762,0.0705,0.3612,0.5617,ChilledWater
39.6358,51.6651,891.3104,0.1826,1.8709,0.5546,ChilledWater
22.3403,44.7890,975.4038,0.1475,2.0726,0.2842,Evaporative
29.4518,58.2984,1814.9070,0.2203,1.1600,0.3088,Evaporative
17.9473,36.2928,1649.4864,0.0746,2.4820,0.3182,AirEconomizer
43.8486,45.7690,1917.1488,0.2340,1.6425,0.4665,ChilledWater
27.4303,40.3700,967.0192,0.1556,0.5099,0.3930,Evaporative
26.9954,66.8253,811.5242,0.2455,1.8251,0.7291,Evaporative
23.0884,27.0301,1945.6609,0.1251,0.7118,0.5159,Evaporative
22.9737,57.7557,776.9365,0.1643,0.4170,0.6303,Evaporative
37.4420,37.4405,679.6090,0.2399,0.5038,0.5330,ChilledWater
36.3608,31.6212,859.6761,0.2295,1.3157,0.3094,ChilledWater
20.1094,71.0908,1175.6508,0.1100,0.9619,0.7168,Evaporative
29.2817,52.6329,1471.9239,0.1897,0.3146,0.6675,Evaporative
34.3692,78.4945,1348.1818,0.1815,2.1596,0.3321,ChilledWater
29.0103,37.0011,996.0830,0.1207,0.6247,0.3469,Evaporative
29.6948,31.7847,1503.6796,0.1955,2.1870,0.6822,Evaporative
30.3104,46.9038,963.8031,0.1041,0.6089,0.5334,Evaporative
31.8076,40.1560,964.0647,0.2403,0.3848,0.5466,Evaporative
34.6265,79.6037,1406.8851,0.0918,1.5466,0.5373,ChilledWater
19.8743,40.7714,666.0758,0.1679,2.3187,0.5508,AirEconomizer
43.9658,73.1826,1574.3221,0.1418,1.9663,0.2913,ChilledWater
41.3611,38.4753,1830.2338,0.1719,1.4232,0.4955,ChilledWater
40.8583,73.8721,975.5534,0.2499,1.5147,0.4375,ChilledWater
28.7583,79.4396,1918.1617,0.2175,2.0478,0.4807,Evaporative
37.1409,37.5256,844.5793,0.2028,0.4638,0.5922,ChilledWater
38.9041,74.7227,1290.9737,0.1771,1.0536,0.4766,ChilledWater
43.4779,39.4077,622.9038,0.0510,0.4008,0.4322,ChilledWater
44.9611,89.6315,444.1441,0.1564,1.3265,0.3760,ChilledWater
18.5161,52.1709,331.3427,0.1400,1.5908,0.3937,AirEconomizer
33.2377,33.7492,1825.7084,0.1971,0.9996,0.5090,Evaporative
21.3654,81.6449,1941.5565,0.1488,1.3588,0.4607,ChilledWater
22.0002,54.5338,644.8474,0.1083,1.6087,0.4645,Evaporative
43.7047,23.8832,1467.7355,0.0625,1.3936,0.6905,ChilledWater
17.1797,44.4861,1546.8490,0.2210,2.0433,0.6322,AirEconomizer
38.2320,74.7902,1877.1854,0.0530,1.5466,0.3917,ChilledWater
20.4616,68.0528,368.1364,0.1616,0.9990,0.3241,AirEconomizer
38.4088,25.5989,265.6345,0.0569,1.2683,0.6164,ChilledWater
38.6267,39.6522,391.5012,0.1191,0.8890,0.4320,ChilledWater
20.4984,23.4717,858.8997,0.2263,2.1047,0.5759,AirEconomizer
29.2192,78.4969,996.8692,0.1241,0.8285,0.6972,Evaporative
42.7479,56.5668,287.1224,0.1784,2.4604,0.4638,ChilledWater
36.6286,29.2406,1946.8766,0.1671,0.7691,0.5496,ChilledWater
28.2411,67.0447,831.1039,0.0956,1.3276,0.6923,Evaporative
44.4980,59.8843,1959.2274,0.1709,0.9287,0.4671,ChilledWater
17.4262,53.6791,762.3402,0.2148,1.6766,0.4572,AirEconomizer
25.0127,29.8538,299.2504,0.0766,2.3402,0.2665,Evaporative
43.6207,87.9975,689.1779,0.1068,1.5064,0.6407,ChilledWater
33.0699,51.6985,1676.2641,0.2242,1.0217,0.5599,Evaporative
39.9013,54.1889,1781.0812,0.1753,0.9671,0.2009,ChilledWater
43.5986,79.4581,1146.3116,0.1970,1.3603,0.2481,ChilledWater
18.7072,23.4040,671.3217,0.1983,1.0771,0.2221,AirEconomizer
43.3715,85.4097,411.5149,0.1542,1.9963,0.2722,ChilledWater
16.2186,77.5091,535.4723,0.1066,1.5853,0.5611,AirEconomizer
24.5411,84.6282,862.7472,0.2014,0.3937,0.4144,Evaporative
32.1150,35.8679,708.9081,0.1224,1.4552,0.5347,Evaporative
15.8326,33.5843,937.5173,0.1432,1.3910,0.2612,AirEconomizer
21.6765,81.2879,1641.0849,0.0887,0.4808,0.5295,Evaporative
28.8410,34.8509,658.9047,0.2249,0.5388,0.6442,Evaporative
21.3630,67.9033,1587.6886,0.0910,1.2899,0.2519,Evaporative
21.2042,64.9014,1584.0782,0.2006,2.1511,0.7237,Evaporative
20.9843,84.4564,213.8198,0.1122,2.0340,0.4541,Evaporative
25.5636,85.9601,222.3783,0.0670,1.3204,0.6069,Evaporative
35.3732,71.1981,222.1935,0.0734,2.0186,0.4345,ChilledWater
43.1761,25.8978,1883.1377,0.0693,1.4814,0.4761,ChilledWater
36.0794,77.4437,1229.9105,0.1905,0.9895,0.6064,ChilledWater
43.8020,32.2712,282.3595,0.1245,2.2442,0.6527,ChilledWater
39.0212,49.7044,1395.6727,0.1229,0.7543,0.3198,ChilledWater
19.0722,77.7603,1875.0692,0.2138,1.9630,0.5853,ChilledWater
37.2659,57.2543,546.3867,0.1082,0.8932,0.6979,ChilledWater
34.9263,84.4876,786.5991,0.1697,2.2567,0.3315,ChilledWater
19.1541,53.0023,367.9197,0.1600,2.0887,0.2137,AirEconomizer
19.9125,33.9878,1791.2631,0.2296,1.8545,0.3890,AirEconomizer
40.8399,52.6039,1009.3438,0.0587,0.8934,0.5908,ChilledWater
20.1567,57.9470,1630.8218,0.1380,0.5040,0.5956,AirEconomizer
38.9895,63.8811,1003.3217,0.0901,1.7414,0.2535,ChilledWater
38.6320,42.2411,277.8341,0.0631,1.2456,0.2794,ChilledWater
33.8644,21.8084,727.3612,0.0730,0.9097,0.3879,ChilledWater
25.9996,43.2806,730.4384,0.1409,2.3363,0.4810,Evaporative
15.3076,21.5847,1321.4821,0.1817,1.1387,0.4438,AirEconomizer
32.7439,21.2024,575.2988,0.0831,1.8849,0.4647,Evaporative
44.2597,83.6212,837.4134,0.1924,0.9291,0.4244,ChilledWater
37.5858,49.0529,874.3997,0.1677,2.0505,0.6481,ChilledWater
20.3543,29.6652,1222.7559,0.0838,0.3533,0.3558,AirEconomizer
35.2380,40.7643,319.0663,0.0924,1.0494,0.4568,ChilledWater
21.8704,88.7147,1340.6169,0.1865,1.5351,0.7208,ChilledWater
27.4506,43.4547,1251.0342,0.1924,2.4170,0.4511,Evaporative
27.8659,44.8909,1191.0445,0.1084,0.9875,0.3205,Evaporative
35.0015,71.3681,475.5853,0.2204,2.3767,0.3240,ChilledWater
43.6769,77.0010,835.1580,0.0706,2.3273,0.6931,ChilledWater
34.7934,89.6177,385.7155,0.2492,1.7839,0.6428,ChilledWater
40.1309,41.1537,826.1923,0.0572,0.5306,0.5781,ChilledWater
25.5528,65.8132,978.9913,0.0860,1.1279,0.4836,Evaporative
43.8118,33.4874,223.7442,0.1233,2.0380,0.6069,ChilledWater
37.7575,76.6221,1680.2010,0.0927,1.1045,0.3087,ChilledWater
40.5032,49.8208,1108.3287,0.1185,2.0743,0.4909,ChilledWater
28.3768,24.3555,1483.0989,0.0703,0.9022,0.2470,Evaporative
16.5479,32.8609,1922.9233,0.1564,0.3043,0.3453,AirEconomizer
28.7678,35.7675,593.4880,0.1066,2.3812,0.4102,Evaporative
33.2803,55.4769,346.5002,0.2120,2.2172,0.6070,Evaporative
24.6498,61.4180,893.5814,0.1908,0.5726,0.4181,Evaporative
27.9200,60.4991,1951.6140,0.2418,1.5999,0.5513,Evaporative
20.4663,89.1770,1354.0281,0.1763,1.3718,0.6095,ChilledWater
20.3607,23.5016,1213.9356,0.2089,1.9402,0.6059,AirEconomizer
36.6454,89.7309,595.1825,0.1135,0.7605,0.5311,ChilledWater
39.1463,75.1005,1526.1914,0.1446,0.3873,0.3422,ChilledWater
17.2842,75.3048,1743.1467,0.0901,2.1512,0.3781,AirEconomizer
41.5944,73.4272,1722.2878,0.1049,2.1852,0.5894,ChilledWater
37.6074,85.2247,538.8034,0.0966,0.5211,0.7053,ChilledWater
32.5119,55.6312,439.4719,0.1670,1.8943,0.2292,Evaporative
25.1895,33.4184,1939.5090,0.0842,2.4747,0.6869,Evaporative
23.2406,59.5226,1037.1976,0.0730,1.4195,0.6734,Evaporative
36.3821,23.4933,1203.3085,0.1032,1.6579,0.6269,ChilledWater
37.8793,72.7824,1550.9404,0.1548,1.4732,0.3154,ChilledWater
29.6497,86.6240,264.4773,0.1954,0.6357,0.5066,Evaporative
26.4474,77.5489,1087.5202,0.1734,2.0170,0.5699,Evaporative
30.5958,66.1506,1496.8958,0.1728,1.2352,0.4111,Evaporative
25.4900,22.6347,365.5641,0.0679,2.2502,0.4816,Evaporative
29.3475,30.5080,318.2030,0.1374,2.4637,0.6387,Evaporative
25.1660,74.1305,1570.5621,0.1487,2.0392,0.4373,Evaporative
39.6692,52.8980,1112.8720,0.1935,1.8098,0.5283,ChilledWater
28.2209,77.7238,728.5364,0.1686,1.7205,0.6059,Evaporative
40.6904,71.9619,446.2977,0.0650,1.0567,0.5830,ChilledWater
30.4150,42.6894,805.6682,0.1806,2.3470,0.5668,Evaporative
16.4561,32.6256,1904.6792,0.0619,1.2501,0.3241,AirEconomizer
23.9595,58.2032,913.2944,0.1294,1.6982,0.6540,Evaporative
25.6513,50.2639,1726.9263,0.2411,1.3919,0.6860,Evaporative
35.3084,67.3856,938.5062,0.1362,2.3268,0.3561,ChilledWater
43.7963,84.3657,1495.0159,0.0735,1.5625,0.2913,ChilledWater
16.2626,73.2997,1030.1552,0.2115,1.9755,0.6095,AirEconomizer
32.9806,89.9848,918.1662,0.0715,1.9102,0.5012,Evaporative
42.7604,54.0108,248.3892,0.0807,2.0612,0.4616,ChilledWater
29.7713,76.4195,1583.8957,0.2306,1.8950,0.7477,Evaporative
38.9621,40.7560,332.9121,0.1192,2.4010,0.3557,ChilledWater
40.3282,52.7909,1855.4764,0.2221,1.9187,0.3804,ChilledWater
25.2828,54.2793,760.9828,0.0847,0.7276,0.6088,Evaporative
42.9524,29.4777,1670.4875,0.2098,0.8369,0.7058,ChilledWater
27.8814,49.4564,250.7372,0.1791,1.2316,0.3052,Evaporative
42.3144,72.7119,1839.1204,0.1835,0.8051,0.2521,ChilledWater
33.7875,77.4625,418.7386,0.2027,1.3561,0.5253,ChilledWater
36.4295,87.0548,1553.5817,0.1777,0.6848,0.3089,ChilledWater
20.3279,47.9318,622.7320,0.1489,2.3671,0.4122,AirEconomizer
37.0895,66.9464,1801.3861,0.0979,1.8098,0.6824,ChilledWater
19.8093,50.8119,711.3981,0.1496,1.8293,0.5998,AirEconomizer
26.9105,24.0572,425.5253,0.0949,2.4936,0.4478,Evaporative
40.5243,88.9362,462.4717,0.2078,0.6226,0.2892,ChilledWater
21.4196,51.7735,1293.4472,0.1130,0.6489,0.4474,Evaporative
23.0619,47.7151,1718.9126,0.0547,0.9553,0.6592,Evaporative
32.6795,61.8063,624.4704,0.1987,1.0829,0.4577,Evaporative
26.6435,67.7945,629.8847,0.1293,0.5480,0.5379,Evaporative
21.8400,30.6418,981.7095,0.1776,1.4335,0.3884,Evaporative
33.7426,80.0321,1969.1197,0.1179,0.5964,0.3400,ChilledWater
41.7040,85.3359,1159.7784,0.2034,0.7180,0.4328,ChilledWater
42.6109,79.7128,837.8136,0.0907,1.6491,0.5916,ChilledWater
16.9129,59.0060,1593.4850,0.2447,1.6796,0.3549,AirEconomizer
16.4981,28.5547,1162.5229,0.2472,0.7855,0.2727,AirEconomizer
18.6785,46.2855,775.4263,0.2084,2.3347,0.5337,AirEconomizer
35.3381,88.7491,1870.5988,0.2208,2.2194,0.6028,ChilledWater
33.1301,57.9807,1301.8394,0.0950,0.9528,0.3796,Evaporative
20.4676,23.0368,666.5168,0.2045,0.7124,0.6788,AirEconomizer
27.2956,82.2075,1966.2558,0.1548,1.7278,0.2506,Evaporative
25.5525,68.6384,942.0310,0.2372,1.9388,0.7496,Evaporative
44.4988,86.3830,1189.4555,0.2479,2.4432,0.3178,ChilledWater
37.3146,60.7387,731.4016,0.2361,1.4110,0.7251,ChilledWater
41.5318,20.6121,611.9109,0.1190,1.2728,0.7228,ChilledWater
37.8862,43.1685,970.0141,0.1780,1.5457,0.2684,ChilledWater
33.3501,48.2325,1881.3555,0.0734,1.5136,0.5683,Evaporative
26.6638,49.9323,1030.5311,0.2170,2.1313,0.4609,Evaporative
17.2383,53.5663,343.3079,0.1838,0.9004,0.7016,AirEconomizer
43.3889,31.3006,995.2840,0.0773,0.6407,0.3124,ChilledWater
37.4093,70.2813,1886.3285,0.0700,2.0176,0.5842,ChilledWater
25.8560,82.3121,776.9379,0.1848,0.5261,0.7048,Evaporative
22.8251,46.1708,1206.4793,0.0769,0.5927,0.5313,Evaporative
15.1280,59.7314,221.5261,0.0892,1.8280,0.5681,AirEconomizer
15.6662,71.6417,1436.9039,0.1235,0.5293,0.2667,AirEconomizer
28.4352,55.7562,518.7789,0.1908,0.7365,0.2347,Evaporative
25.3282,69.7323,838.6390,0.2168,1.0220,0.6131,Evaporative
25.0416,73.0910,1804.2349,0.2111,1.3519,0.6035,Evaporative
33.0863,75.0841,1667.7168,0.2121,2.3825,0.6720,Evaporative
43.2822,26.3849,965.9463,0.2467,1.0067,0.2217,ChilledWater
15.6482,77.9538,1821.3084,0.0552,0.5000,0.7497,AirEconomizer
17.7062,79.4718,1165.6615,0.2097,1.9359,0.5570,ChilledWater
41.6993,27.0740,222.1081,0.0717,1.9609,0.6037,ChilledWater
33.8085,26.3599,1850.1853,0.1929,1.2101,0.6854,ChilledWater
24.2501,21.9615,1325.3510,0.0566,2.3582,0.3093,Evaporative
44.1853,46.4848,1663.1893,0.2016,0.4795,0.3139,ChilledWater
43.1067,81.1192,1026.8029,0.1868,1.0356,0.6429,ChilledWater
44.1249,61.3706,671.0656,0.1664,0.8205,0.2879,ChilledWater
36.1122,37.4898,812.7563,0.1041,1.2287,0.3845,ChilledWater
36.6212,60.5379,1888.4855,0.1904,0.6230,0.3056,ChilledWater
44.9456,76.4973,624.5115,0.1218,0.8939,0.4634,ChilledWater
16.5982,39.2530,630.1478,0.1961,2.4086,0.4688,AirEconomizer
31.2151,75.0436,210.0183,0.1728,0.8446,0.4587,Evaporative
41.7357,89.5309,1924.7690,0.1136,1.7342,0.6029,ChilledWater
41.3487,41.9335,304.2965,0.0578,1.3543,0.7119,ChilledWater
42.7113,28.6855,1505.6894,0.1011,1.0959,0.2117,ChilledWater
24.3576,41.3590,817.9525,0.1578,2.1302,0.3794,Evaporative
38.9023,36.6638,739.5402,0.2007,2.2257,0.6137,ChilledWater
44.9395,71.2996,1919.5500,0.2484,0.7111,0.5216,ChilledWater
26.6389,74.4078,1670.2339,0.1221,0.3495,0.3216,Evaporative
15.5901,67.9835,272.7938,0.2003,2.0996,0.4271,AirEconomizer
35.9549,20.5530,540.1158,0.0957,0.6596,0.7309,ChilledWater
25.4012,35.9037,1533.4238,0.1617,2.2045,0.5673,Evaporative
28.4549,72.9084,303.4277,0.1607,0.4485,0.4787,Evaporative
40.0549,50.2932,1123.4203,0.0985,0.6340,0.6543,ChilledWater
33.3967,64.3505,1969.3132,0.2455,0.6459,0.2676,Evaporative
37.1589,35.4420,881.5575,0.1214,2.3606,0.2543,ChilledWater
41.3843,20.0247,1902.4070,0.1547,1.1045,0.5209,ChilledWater
33.5198,67.7709,1039.5466,0.2447,1.7573,0.2580,Evaporative
25.1736,74.0620,1468.6264,0.1074,1.8931,0.4480,Evaporative
16.2145,57.1821,1291.9476,0.1120,0.8943,0.3240,AirEconomizer
35.0134,49.4026,442.0997,0.1682,0.8678,0.4974,ChilledWater
17.3981,23.8627,1515.7296,0.1782,0.9787,0.6346,AirEconomizer
31.6756,23.7589,786.2394,0.1773,2.1166,0.4674,Evaporative
23.6721,60.4482,951.8012,0.0642,2.0217,0.2940,Evaporative
23.8742,48.2594,1987.7856,0.2216,0.7024,0.2204,Evaporative
34.5405,81.2344,386.0309,0.0938,1.4226,0.5069,ChilledWater
18.1311,72.8791,1257.2190,0.0913,2.0620,0.6154,AirEconomizer
40.9943,40.9794,661.2188,0.1843,1.7748,0.6390,ChilledWater
18.3141,54.3972,1012.2583,0.1397,2.0609,0.2816,AirEconomizer
24.5898,55.7487,514.1810,0.0959,0.8150,0.2465,Evaporative
39.0574,78.3131,933.2323,0.1028,2.0522,0.7485,ChilledWater
19.5276,67.2299,263.5490,0.1424,0.4649,0.5085,AirEconomizer
22.0683,65.9098,719.9332,0.1468,1.3407,0.5865,Evaporative
15.1869,79.9819,874.0855,0.2373,1.9462,0.2050,ChilledWater
26.9320,81.4695,489.1309,0.0885,1.0122,0.6835,Evaporative
24.3366,88.1828,792.2594,0.1849,0.7866,0.6097,Evaporative
38.4461,82.5306,730.2452,0.1829,0.7561,0.2968,ChilledWater
22.8180,34.6020,1485.5217,0.2338,0.7790,0.5547,Evaporative
30.7484,78.0154,883.7475,0.0835,0.6817,0.4218,Evaporative
19.8855,29.7475,824.1677,0.0854,1.0097,0.6771,AirEconomizer
24.5471,25.0651,1922.6791,0.1719,1.2049,0.4605,Evaporative
24.5901,23.4273,1919.8651,0.1930,1.5219,0.3756,Evaporative
37.6203,55.4879,1402.2471,0.2001,0.6706,0.4512,ChilledWater
