site,containment,cfm_per_kw,fan_w_per_cfm,cop,electricity_usd_per_kwh,baseline_it_kw,pue,fan_it_pct,cool_it_pct,total_power_kw,annual_cost_usd,annual_co2_t
DEN,0.60,250.0,0.120,3.30,0.07,572.0,1.382,3.450,27.723,790.349,484641.72,2284.740
DEN,0.60,250.0,0.120,3.30,0.25,572.0,1.382,3.450,27.723,790.349,1730863.29,2284.740
DEN,0.60,250.0,0.120,5.50,0.07,572.0,1.279,3.450,17.479,731.753,448710.86,2115.351
DEN,0.60,250.0,0.120,5.50,0.25,572.0,1.279,3.450,17.479,731.753,1602538.77,2115.351
DEN,0.60,250.0,0.250,3.30,0.07,572.0,1.419,7.187,27.723,811.727,497751.02,2346.541
DEN,0.60,250.0,0.250,3.30,0.25,572.0,1.419,7.187,27.723,811.727,1777682.21,2346.541
DEN,0.60,250.0,0.250,5.50,0.07,572.0,1.317,7.187,17.479,753.131,461820.15,2177.152
DEN,0.60,250.0,0.250,5.50,0.25,572.0,1.317,7.187,17.479,753.131,1649357.69,2177.152
DEN,0.60,320.0,0.120,3.30,0.07,572.0,1.391,4.416,27.723,795.874,488029.97,2300.713
DEN,0.60,320.0,0.120,3.30,0.25,572.0,1.391,4.416,27.723,795.874,1742964.18,2300.713
DEN,0.60,320.0,0.120,5.50,0.07,572.0,1.289,4.416,17.479,737.278,452099.10,2131.324
DEN,0.60,320.0,0.120,5.50,0.25,572.0,1.289,4.416,17.479,737.278,1614639.66,2131.324
DEN,0.60,320.0,0.250,3.30,0.07,572.0,1.439,9.200,27.723,823.239,504809.87,2379.818
DEN,0.60,320.0,0.250,3.30,0.25,572.0,1.439,9.200,27.723,823.239,1802892.39,2379.818
DEN,0.60,320.0,0.250,5.50,0.07,572.0,1.337,9.200,17.479,764.643,468879.00,2210.430
DEN,0.60,320.0,0.250,5.50,0.25,572.0,1.337,9.200,17.479,764.643,1674567.87,2210.430
DEN,0.60,450.0,0.120,3.30,0.07,572.0,1.409,6.210,27.723,806.136,494322.43,2330.377
DEN,0.60,450.0,0.120,3.30,0.25,572.0,1.409,6.210,27.723,806.136,1765437.26,2330.377
DEN,0.60,450.0,0.120,5.50,0.07,572.0,1.307,6.210,17.479,747.540,458391.57,2160.989
DEN,0.60,450.0,0.120,5.50,0.25,572.0,1.307,6.210,17.479,747.540,1637112.74,2160.989
DEN,0.60,450.0,0.250,3.30,0.07,572.0,1.477,12.937,27.723,844.617,517919.17,2441.619
DEN,0.60,450.0,0.250,3.30,0.25,572.0,1.477,12.937,27.723,844.617,1849711.31,2441.619
DEN,0.60,450.0,0.250,5.50,0.07,572.0,1.374,12.937,17.479,786.021,481988.30,2272.231
DEN,0.60,450.0,0.250,5.50,0.25,572.0,1.374,12.937,17.479,786.021,1721386.79,2272.231
DEN,0.80,250.0,0.120,3.30,0.07,572.0,1.351,2.850,25.295,773.027,474020.03,2234.666
DEN,0.80,250.0,0.120,3.30,0.25,572.0,1.351,2.850,25.295,773.027,1692928.68,2234.666
DEN,0.80,250.0,0.120,5.50,0.07,572.0,1.258,2.850,15.948,719.564,441236.39,2080.114
DEN,0.80,250.0,0.120,5.50,0.25,572.0,1.258,2.850,15.948,719.564,1575844.26,2080.114
DEN,0.80,250.0,0.250,3.30,0.07,572.0,1.382,5.938,25.295,790.687,484849.45,2285.719
DEN,0.80,250.0,0.250,3.30,0.25,572.0,1.382,5.938,25.295,790.687,1731605.17,2285.719
DEN,0.80,250.0,0.250,5.50,0.07,572.0,1.289,5.938,15.948,737.224,452065.81,2131.167
DEN,0.80,250.0,0.250,5.50,0.25,572.0,1.289,5.938,15.948,737.224,1614520.76,2131.167
DEN,0.80,320.0,0.120,3.30,0.07,572.0,1.359,3.648,25.295,777.591,476819.02,2247.861
DEN,0.80,320.0,0.120,3.30,0.25,572.0,1.359,3.648,25.295,777.591,1702925.07,2247.861
DEN,0.80,320.0,0.120,5.50,0.07,572.0,1.266,3.648,15.948,724.128,444035.38,2093.310
DEN,0.80,320.0,0.120,5.50,0.25,572.0,1.266,3.648,15.948,724.128,1585840.65,2093.310
DEN,0.80,320.0,0.250,3.30,0.07,572.0,1.399,7.600,25.295,800.197,490680.67,2313.209
DEN,0.80,320.0,0.250,3.30,0.25,572.0,1.399,7.600,25.295,800.197,1752430.98,2313.209
DEN,0.80,320.0,0.250,5.50,0.07,572.0,1.305,7.600,15.948,746.734,457897.04,2158.657
DEN,0.80,320.0,0.250,5.50,0.25,572.0,1.305,7.600,15.948,746.734,1635346.56,2158.657
DEN,0.80,450.0,0.120,3.30,0.07,572.0,1.374,5.130,25.295,786.068,482017.14,2272.367
DEN,0.80,450.0,0.120,3.30,0.25,572.0,1.374,5.130,25.295,786.068,1721489.78,2272.367
DEN,0.80,450.0,0.120,5.50,0.07,572.0,1.281,5.130,15.948,732.605,449233.50,2117.815
DEN,0.80,450.0,0.120,5.50,0.25,572.0,1.281,5.130,15.948,732.605,1604405.37,2117.815
DEN,0.80,450.0,0.250,3.30,0.07,572.0,1.430,10.688,25.295,817.857,501510.09,2364.262
DEN,0.80,450.0,0.250,3.30,0.25,572.0,1.430,10.688,25.295,817.857,1791107.47,2364.262
DEN,0.80,450.0,0.250,5.50,0.07,572.0,1.336,10.688,15.948,764.394,468726.46,2209.710
DEN,0.80,450.0,0.250,5.50,0.25,572.0,1.336,10.688,15.948,764.394,1674023.06,2209.710
DEN,0.90,250.0,0.120,3.30,0.07,572.0,1.335,2.460,24.080,763.851,468393.51,2208.141
DEN,0.90,250.0,0.120,3.30,0.25,572.0,1.335,2.460,24.080,763.851,1672833.96,2208.141
DEN,0.90,250.0,0.120,5.50,0.07,572.0,1.246,2.460,15.182,712.954,437183.49,2061.008
DEN,0.90,250.0,0.120,5.50,0.25,572.0,1.246,2.460,15.182,712.954,1561369.60,2061.008
DEN,0.90,250.0,0.250,3.30,0.07,572.0,1.362,5.125,24.080,779.095,477741.01,2252.208
DEN,0.90,250.0,0.250,3.30,0.25,572.0,1.362,5.125,24.080,779.095,1706217.88,2252.208
DEN,0.90,250.0,0.250,5.50,0.07,572.0,1.273,5.125,15.182,728.198,446530.99,2105.075
DEN,0.90,250.0,0.250,5.50,0.25,572.0,1.273,5.125,15.182,728.198,1594753.52,2105.075
DEN,0.90,320.0,0.120,3.30,0.07,572.0,1.342,3.149,24.080,767.791,470809.48,2219.530
DEN,0.90,320.0,0.120,3.30,0.25,572.0,1.342,3.149,24.080,767.791,1681462.42,2219.530
DEN,0.90,320.0,0.120,5.50,0.07,572.0,1.253,3.149,15.182,716.894,439599.46,2072.397
DEN,0.90,320.0,0.120,5.50,0.25,572.0,1.253,3.149,15.182,716.894,1569998.06,2072.397
DEN,0.90,320.0,0.250,3.30,0.07,572.0,1.376,6.560,24.080,787.303,482774.28,2275.936
DEN,0.90,320.0,0.250,3.30,0.25,572.0,1.376,6.560,24.080,787.303,1724193.84,2275.936
DEN,0.90,320.0,0.250,5.50,0.07,572.0,1.287,6.560,15.182,736.406,451564.25,2128.803
DEN,0.90,320.0,0.250,5.50,0.25,572.0,1.287,6.560,15.182,736.406,1612729.48,2128.803
DEN,0.90,450.0,0.120,3.30,0.07,572.0,1.355,4.428,24.080,775.108,475296.28,2240.682
DEN,0.90,450.0,0.120,3.30,0.25,572.0,1.355,4.428,24.080,775.108,1697486.70,2240.682
DEN,0.90,450.0,0.120,5.50,0.07,572.0,1.266,4.428,15.182,724.211,444086.26,2093.549
DEN,0.90,450.0,0.120,5.50,0.25,572.0,1.266,4.428,15.182,724.211,1586022.34,2093.549
DEN,0.90,450.0,0.250,3.30,0.07,572.0,1.403,9.225,24.080,802.547,492121.77,2320.003
DEN,0.90,450.0,0.250,3.30,0.25,572.0,1.403,9.225,24.080,802.547,1757577.76,2320.003
DEN,0.90,450.0,0.250,5.50,0.07,572.0,1.314,9.225,15.182,751.650,460911.75,2172.870
DEN,0.90,450.0,0.250,5.50,0.25,572.0,1.314,9.225,15.182,751.650,1646113.40,2172.870
DEN,0.95,250.0,0.120,3.30,0.07,572.0,1.329,2.460,23.473,760.379,466264.21,2198.103
DEN,0.95,250.0,0.120,3.30,0.25,572.0,1.329,2.460,23.473,760.379,1665229.33,2198.103
DEN,0.95,250.0,0.120,5.50,0.07,572.0,1.243,2.460,14.800,710.765,435841.00,2054.679
DEN,0.95,250.0,0.120,5.50,0.25,572.0,1.243,2.460,14.800,710.765,1556574.99,2054.679
DEN,0.95,250.0,0.250,3.30,0.07,572.0,1.356,5.125,23.473,775.622,475611.71,2242.169
DEN,0.95,250.0,0.250,3.30,0.25,572.0,1.356,5.125,23.473,775.622,1698613.25,2242.169
DEN,0.95,250.0,0.250,5.50,0.07,572.0,1.269,5.125,14.800,726.009,445188.50,2098.746
DEN,0.95,250.0,0.250,5.50,0.25,572.0,1.269,5.125,14.800,726.009,1589958.91,2098.746
DEN,0.95,320.0,0.120,3.30,0.07,572.0,1.336,3.149,23.473,764.319,468680.18,2209.492
DEN,0.95,320.0,0.120,3.30,0.25,572.0,1.336,3.149,23.473,764.319,1673857.79,2209.492
DEN,0.95,320.0,0.120,5.50,0.07,572.0,1.249,3.149,14.800,714.705,438256.97,2066.069
DEN,0.95,320.0,0.120,5.50,0.25,572.0,1.249,3.149,14.800,714.705,1565203.45,2066.069
DEN,0.95,320.0,0.250,3.30,0.07,572.0,1.370,6.560,23.473,783.831,480644.98,2265.898
DEN,0.95,320.0,0.250,3.30,0.25,572.0,1.370,6.560,23.473,783.831,1716589.21,2265.898
DEN,0.95,320.0,0.250,5.50,0.07,572.0,1.284,6.560,14.800,734.217,450221.76,2122.474
DEN,0.95,320.0,0.250,5.50,0.25,572.0,1.284,6.560,14.800,734.217,1607934.87,2122.474
DEN,0.95,450.0,0.120,3.30,0.07,572.0,1.349,4.428,23.473,771.636,473166.98,2230.644
DEN,0.95,450.0,0.120,3.30,0.25,572.0,1.349,4.428,23.473,771.636,1689882.07,2230.644
DEN,0.95,450.0,0.120,5.50,0.07,572.0,1.262,4.428,14.800,722.022,442743.77,2087.221
DEN,0.95,450.0,0.120,5.50,0.25,572.0,1.262,4.428,14.800,722.022,1581227.73,2087.221
DEN,0.95,450.0,0.250,3.30,0.07,572.0,1.397,9.225,23.473,799.074,489992.48,2309.965
DEN,0.95,450.0,0.250,3.30,0.25,572.0,1.397,9.225,23.473,799.074,1749973.13,2309.965
DEN,0.95,450.0,0.250,5.50,0.07,572.0,1.310,9.225,14.800,749.461,459569.26,2166.541
DEN,0.95,450.0,0.250,5.50,0.25,572.0,1.310,9.225,14.800,749.461,1641318.79,2166.541
PHX,0.60,250.0,0.120,3.30,0.07,572.0,1.361,3.450,25.610,778.263,477230.98,2727.034
PHX,0.60,250.0,0.120,3.30,0.25,572.0,1.361,3.450,25.610,778.263,1704396.36,2727.034
PHX,0.60,250.0,0.120,5.50,0.07,572.0,1.258,3.450,15.366,719.668,441300.11,2521.715
PHX,0.60,250.0,0.120,5.50,0.25,572.0,1.258,3.450,15.366,719.668,1576071.84,2521.715
PHX,0.60,250.0,0.250,3.30,0.07,572.0,1.398,7.187,25.610,799.642,490340.28,2801.944
PHX,0.60,250.0,0.250,3.30,0.25,572.0,1.398,7.187,25.610,799.642,1751215.27,2801.944
PHX,0.60,250.0,0.250,5.50,0.07,572.0,1.296,7.187,15.366,741.046,454409.41,2596.625
PHX,0.60,250.0,0.250,5.50,0.25,572.0,1.296,7.187,15.366,741.046,1622890.75,2596.625
PHX,0.60,320.0,0.120,3.30,0.07,572.0,1.370,4.416,25.610,783.789,480619.23,2746.396
PHX,0.60,320.0,0.120,3.30,0.25,572.0,1.370,4.416,25.610,783.789,1716497.25,2746.396
PHX,0.60,320.0,0.120,5.50,0.07,572.0,1.268,4.416,15.366,725.193,444688.36,2541.076
PHX,0.60,320.0,0.120,5.50,0.25,572.0,1.268,4.416,15.366,725.193,1588172.73,2541.076
PHX,0.60,320.0,0.250,3.30,0.07,572.0,1.418,9.200,25.610,811.153,497399.13,2842.281
PHX,0.60,320.0,0.250,3.30,0.25,572.0,1.418,9.200,25.610,811.153,1776425.46,2842.281
PHX,0.60,320.0,0.250,5.50,0.07,572.0,1.316,9.200,15.366,752.558,461468.26,2636.962
PHX,0.60,320.0,0.250,5.50,0.25,572.0,1.316,9.200,15.366,752.558,1648100.94,2636.962
PHX,0.60,450.0,0.120,3.30,0.07,572.0,1.388,6.210,25.610,794.050,486911.69,2782.353
PHX,0.60,450.0,0.120,3.30,0.25,572.0,1.388,6.210,25.610,794.050,1738970.33,2782.353
PHX,0.60,450.0,0.120,5.50,0.07,572.0,1.286,6.210,15.366,735.455,450980.83,2577.033
PHX,0.60,450.0,0.120,5.50,0.25,572.0,1.286,6.210,15.366,735.455,1610645.81,2577.033
PHX,0.60,450.0,0.250,3.30,0.07,572.0,1.455,12.937,25.610,832.532,510508.42,2917.191
PHX,0.60,450.0,0.250,3.30,0.25,572.0,1.455,12.937,25.610,832.532,1823244.37,2917.191
PHX,0.60,450.0,0.250,5.50,0.07,572.0,1.353,12.937,15.366,773.936,474577.56,2711.872
PHX,0.60,450.0,0.250,5.50,0.25,572.0,1.353,12.937,15.366,773.936,1694919.85,2711.872
PHX,0.80,250.0,0.120,3.30,0.07,572.0,1.332,2.850,23.367,762.000,467258.41,2670.048
PHX,0.80,250.0,0.120,3.30,0.25,572.0,1.332,2.850,23.367,762.000,1668780.02,2670.048
PHX,0.80,250.0,0.120,5.50,0.07,572.0,1.239,2.850,14.020,708.537,434474.77,2482.713
PHX,0.80,250.0,0.120,5.50,0.25,572.0,1.239,2.850,14.020,708.537,1551695.60,2482.713
PHX,0.80,250.0,0.250,3.30,0.07,572.0,1.363,5.938,23.367,779.661,478087.82,2731.930
PHX,0.80,250.0,0.250,3.30,0.25,572.0,1.363,5.938,23.367,779.661,1707456.51,2731.930
PHX,0.80,250.0,0.250,5.50,0.07,572.0,1.270,5.938,14.020,726.197,445304.19,2544.595
PHX,0.80,250.0,0.250,5.50,0.25,572.0,1.270,5.938,14.020,726.197,1590372.10,2544.595
PHX,0.80,320.0,0.120,3.30,0.07,572.0,1.340,3.648,23.367,766.565,470057.39,2686.042
PHX,0.80,320.0,0.120,3.30,0.25,572.0,1.340,3.648,23.367,766.565,1678776.41,2686.042
PHX,0.80,320.0,0.120,5.50,0.07,572.0,1.247,3.648,14.020,713.101,437273.76,2498.707
PHX,0.80,320.0,0.120,5.50,0.25,572.0,1.247,3.648,14.020,713.101,1561691.99,2498.707
PHX,0.80,320.0,0.250,3.30,0.07,572.0,1.380,7.600,23.367,789.170,483919.05,2765.252
PHX,0.80,320.0,0.250,3.30,0.25,572.0,1.380,7.600,23.367,789.170,1728282.32,2765.252
PHX,0.80,320.0,0.250,5.50,0.07,572.0,1.286,7.600,14.020,735.707,451135.41,2577.917
PHX,0.80,320.0,0.250,5.50,0.25,572.0,1.286,7.600,14.020,735.707,1611197.90,2577.917
PHX,0.80,450.0,0.120,3.30,0.07,572.0,1.355,5.130,23.367,775.042,475255.51,2715.746
PHX,0.80,450.0,0.120,3.30,0.25,572.0,1.355,5.130,23.367,775.042,1697341.12,2715.746
PHX,0.80,450.0,0.120,5.50,0.07,572.0,1.262,5.130,14.020,721.578,442471.88,2528.411
PHX,0.80,450.0,0.120,5.50,0.25,572.0,1.262,5.130,14.020,721.578,1580256.71,2528.411
PHX,0.80,450.0,0.250,3.30,0.07,572.0,1.411,10.688,23.367,806.831,494748.47,2827.134
PHX,0.80,450.0,0.250,3.30,0.25,572.0,1.411,10.688,23.367,806.831,1766958.81,2827.134
PHX,0.80,450.0,0.250,5.50,0.07,572.0,1.317,10.688,14.020,753.367,461964.83,2639.799
PHX,0.80,450.0,0.250,5.50,0.25,572.0,1.317,10.688,14.020,753.367,1649874.40,2639.799
PHX,0.90,250.0,0.120,3.30,0.07,572.0,1.317,2.460,22.245,753.354,461956.44,2639.751
PHX,0.90,250.0,0.120,3.30,0.25,572.0,1.317,2.460,22.245,753.354,1649844.44,2639.751
PHX,0.90,250.0,0.120,5.50,0.07,572.0,1.228,2.460,13.347,702.457,430746.42,2461.408
PHX,0.90,250.0,0.120,5.50,0.25,572.0,1.228,2.460,13.347,702.457,1538380.07,2461.408
PHX,0.90,250.0,0.250,3.30,0.07,572.0,1.344,5.125,22.245,768.597,471303.94,2693.165
PHX,0.90,250.0,0.250,3.30,0.25,572.0,1.344,5.125,22.245,768.597,1683228.36,2693.165
PHX,0.90,250.0,0.250,5.50,0.07,572.0,1.255,5.125,13.347,717.700,440093.92,2514.822
PHX,0.90,250.0,0.250,5.50,0.25,572.0,1.255,5.125,13.347,717.700,1571764.00,2514.822
PHX,0.90,320.0,0.120,3.30,0.07,572.0,1.324,3.149,22.245,757.294,464372.41,2653.557
PHX,0.90,320.0,0.120,3.30,0.25,572.0,1.324,3.149,22.245,757.294,1658472.90,2653.557
PHX,0.90,320.0,0.120,5.50,0.07,572.0,1.235,3.149,13.347,706.397,433162.39,2475.214
PHX,0.90,320.0,0.120,5.50,0.25,572.0,1.235,3.149,13.347,706.397,1547008.53,2475.214
PHX,0.90,320.0,0.250,3.30,0.07,572.0,1.358,6.560,22.245,776.806,476337.21,2721.927
PHX,0.90,320.0,0.250,3.30,0.25,572.0,1.358,6.560,22.245,776.806,1701204.32,2721.927
PHX,0.90,320.0,0.250,5.50,0.07,572.0,1.269,6.560,13.347,725.909,445127.19,2543.584
PHX,0.90,320.0,0.250,5.50,0.25,572.0,1.269,6.560,13.347,725.909,1589739.95,2543.584
PHX,0.90,450.0,0.120,3.30,0.07,572.0,1.337,4.428,22.245,764.611,468859.21,2679.195
PHX,0.90,450.0,0.120,3.30,0.25,572.0,1.337,4.428,22.245,764.611,1674497.18,2679.195
PHX,0.90,450.0,0.120,5.50,0.07,572.0,1.248,4.428,13.347,713.714,437649.19,2500.853
PHX,0.90,450.0,0.120,5.50,0.25,572.0,1.248,4.428,13.347,713.714,1563032.82,2500.853
PHX,0.90,450.0,0.250,3.30,0.07,572.0,1.385,9.225,22.245,792.049,485684.71,2775.341
PHX,0.90,450.0,0.250,3.30,0.25,572.0,1.385,9.225,22.245,792.049,1734588.24,2775.341
PHX,0.90,450.0,0.250,5.50,0.07,572.0,1.296,9.225,13.347,741.152,454474.69,2596.998
PHX,0.90,450.0,0.250,5.50,0.25,572.0,1.296,9.225,13.347,741.152,1623123.88,2596.998
PHX,0.95,250.0,0.120,3.30,0.07,572.0,1.311,2.460,21.684,750.146,459989.42,2628.511
PHX,0.95,250.0,0.120,3.30,0.25,572.0,1.311,2.460,21.684,750.146,1642819.37,2628.511
PHX,0.95,250.0,0.120,5.50,0.07,572.0,1.225,2.460,13.011,700.532,429566.21,2454.664
PHX,0.95,250.0,0.120,5.50,0.25,572.0,1.225,2.460,13.011,700.532,1534165.03,2454.664
PHX,0.95,250.0,0.250,3.30,0.07,572.0,1.338,5.125,21.684,765.390,469336.92,2681.925
PHX,0.95,250.0,0.250,3.30,0.25,572.0,1.338,5.125,21.684,765.390,1676203.29,2681.925
PHX,0.95,250.0,0.250,5.50,0.07,572.0,1.251,5.125,13.011,715.776,438913.71,2508.078
PHX,0.95,250.0,0.250,5.50,0.25,572.0,1.251,5.125,13.011,715.776,1567548.96,2508.078
PHX,0.95,320.0,0.120,3.30,0.07,572.0,1.318,3.149,21.684,754.086,462405.39,2642.317
PHX,0.95,320.0,0.120,3.30,0.25,572.0,1.318,3.149,21.684,754.086,1651447.83,2642.317
PHX,0.95,320.0,0.120,5.50,0.07,572.0,1.232,3.149,13.011,704.472,431982.18,2468.470
PHX,0.95,320.0,0.120,5.50,0.25,572.0,1.232,3.149,13.011,704.472,1542793.49,2468.470
PHX,0.95,320.0,0.250,3.30,0.07,572.0,1.352,6.560,21.684,773.598,474370.19,2710.687
PHX,0.95,320.0,0.250,3.30,0.25,572.0,1.352,6.560,21.684,773.598,1694179.25,2710.687
PHX,0.95,320.0,0.250,5.50,0.07,572.0,1.266,6.560,13.011,723.984,443946.98,2536.840
PHX,0.95,320.0,0.250,5.50,0.25,572.0,1.266,6.560,13.011,723.984,1585524.91,2536.840
PHX,0.95,450.0,0.120,3.30,0.07,572.0,1.331,4.428,21.684,761.403,466892.19,2667.955
PHX,0.95,450.0,0.120,3.30,0.25,572.0,1.331,4.428,21.684,761.403,1667472.11,2667.955
PHX,0.95,450.0,0.120,5.50,0.07,572.0,1.244,4.428,13.011,711.789,436468.98,2494.108
PHX,0.95,450.0,0.120,5.50,0.25,572.0,1.244,4.428,13.011,711.789,1558817.78,2494.108
PHX,0.95,450.0,0.250,3.30,0.07,572.0,1.379,9.225,21.684,788.842,483717.69,2764.101
PHX,0.95,450.0,0.250,3.30,0.25,572.0,1.379,9.225,21.684,788.842,1727563.17,2764.101
PHX,0.95,450.0,0.250,5.50,0.07,572.0,1.292,9.225,13.011,739.228,453294.47,2590.254
PHX,0.95,450.0,0.250,5.50,0.25,572.0,1.292,9.225,13.011,739.228,1618908.84,2590.254
