scenario,time_s,T_in_C,T_wb_C,RH_in_percent,efficiency,V_air_m3s,T_out_C,RH_out_percent,m_air_kg_s,Q_kW,m_water_kg_s,cum_Q_kWh,cum_water_kg
Eta0.9,0.00,35.000,25.000,40.00,0.900,10.000,26.000,94.00,12.0000,108.6480,0.0481,0.030180,0.049
Eta0.9,1.00,35.000,25.000,40.00,0.900,10.000,26.000,94.00,12.0000,108.6480,0.0481,0.060360,0.097
Eta0.9,2.00,35.000,25.000,40.00,0.900,10.000,26.000,94.00,12.0000,108.6480,0.0481,0.090540,0.146
Eta0.9,3.00,35.000,25.000,40.00,0.900,10.000,26.000,94.00,12.0000,108.6480,0.0481,0.120720,0.194
Eta0.9,4.00,35.000,25.000,40.00,0.900,10.000,26.000,94.00,12.0000,108.6480,0.0481,0.150900,0.243
Eta0.9,5.00,35.000,25.000,40.00,0.900,10.000,26.000,94.00,12.0000,108.6480,0.0481,0.181080,0.291
Eta0.9,6.00,35.000,25.000,40.00,0.900,10.000,26.000,94.00,12.0000,108.6480,0.0481,0.211260,0.340
Eta0.9,7.00,35.000,25.000,40.00,0.900,10.000,26.000,94.00,12.0000,108.6480,0.0481,0.241440,0.388
Eta0.9,8.00,35.000,25.000,40.00,0.900,10.000,26.000,94.00,12.0000,108.6480,0.0481,0.271620,0.437
Eta0.9,9.00,35.000,25.000,40.00,0.900,10.000,26.000,94.00,12.0000,108.6480,0.0481,0.301800,0.486
Eta0.9,10.00,35.000,25.000,40.00,0.900,10.000,26.000,94.00,12.0000,108.6480,0.0481,0.331980,0.534
Eta0.9,11.00,35.000,25.000,40.00,0.900,10.000,26.000,94.00,12.0000,108.6480,0.0481,0.362160,0.583
Eta0.9,12.00,35.000,25.000,40.00,0.900,10.000,26.000,94.00,12.0000,108.6480,0.0481,0.392340,0.631
Eta0.9,13.00,35.000,25.000,40.00,0.900,10.000,26.000,94.00,12.0000,108.6480,0.0481,0.422520,0.680
Eta0.9,14.00,35.000,25.000,40.00,0.900,10.000,26.000,94.00,12.0000,108.6480,0.0481,0.452700,0.728
Eta0.9,15.00,35.000,25.000,40.00,0.900,10.000,26.000,94.00,12.0000,108.6480,0.0481,0.482880,0.777
Eta0.9,16.00,35.000,25.000,40.00,0.900,10.000,26.000,94.00,12.0000,108.6480,0.0481,0.513060,0.825
Eta0.9,17.00,35.000,25.000,40.00,0.900,10.000,26.000,94.00,12.0000,108.6480,0.0481,0.543240,0.874
Eta0.9,18.00,35.000,25.000,40.00,0.900,10.000,26.000,94.00,12.0000,108.6480,0.0481,0.573420,0.923
Eta0.9,19.00,35.000,25.000,40.00,0.900,10.000,26.000,94.00,12.0000,108.6480,0.0481,0.603600,0.971
Eta0.9,20.00,35.000,25.000,40.00,0.900,10.000,26.000,94.00,12.0000,108.6480,0.0481,0.633780,1.020
Eta0.9,21.00,35.000,25.000,40.00,0.900,10.000,26.000,94.00,12.0000,108.6480,0.0481,0.663960,1.068
Eta0.9,22.00,35.000,25.000,40.00,0.900,10.000,26.000,94.00,12.0000,108.6480,0.0481,0.694140,1.117
Eta0.9,23.00,35.000,25.000,40.00,0.900,10.000,26.000,94.00,12.0000,108.6480,0.0481,0.724320,1.165
Eta0.9,24.00,35.000,25.000,40.00,0.900,10.000,26.000,94.00,12.0000,108.6480,0.0481,0.754500,1.214
Eta0.9,25.00,35.000,25.000,40.00,0.900,10.000,26.000,94.00,12.0000,108.6480,0.0481,0.784680,1.262
Eta0.9,26.00,35.000,25.000,40.00,0.900,10.000,26.000,94.00,12.0000,108.6480,0.0481,0.814860,1.311
Eta0.9,27.00,35.000,25.000,40.00,0.900,10.000,26.000,94.00,12.0000,108.6480,0.0481,0.845040,1.360
Eta0.9,28.00,35.000,25.000,40.00,0.900,10.000,26.000,94.00,12.0000,108.6480,0.0481,0.875220,1.408
Eta0.9,29.00,35.000,25.000,40.00,0.900,10.000,26.000,94.00,12.0000,108.6480,0.0481,0.905400,1.457
Eta0.9,30.00,35.000,25.000,40.00,0.900,10.000,26.000,94.00,12.0000,108.6480,0.0481,0.935580,1.505
Eta0.9,31.00,35.000,25.000,40.00,0.900,10.000,26.000,94.00,12.0000,108.6480,0.0481,0.965760,1.554
Eta0.9,32.00,35.000,25.000,40.00,0.900,10.000,26.000,94.00,12.0000,108.6480,0.0481,0.995940,1.602
Eta0.9,33.00,35.000,25.000,40.00,0.900,10.000,26.000,94.00,12.0000,108.6480,0.0481,1.026120,1.651
Eta0.9,34.00,35.000,25.000,40.00,0.900,10.000,26.000,94.00,12.0000,108.6480,0.0481,1.056300,1.699
Eta0.9,35.00,35.000,25.000,40.00,0.900,10.000,26.000,94.00,12.0000,108.6480,0.0481,1.086480,1.748
Eta0.9,36.00,35.000,25.000,40.00,0.900,10.000,26.000,94.00,12.0000,108.6480,0.0481,1.116660,1.797
Eta0.9,37.00,35.000,25.000,40.00,0.900,10.000,26.000,94.00,12.0000,108.6480,0.0481,1.146840,1.845
Eta0.9,38.00,35.000,25.000,40.00,0.900,10.000,26.000,94.00,12.0000,108.6480,0.0481,1.177020,1.894
Eta0.9,39.00,35.000,25.000,40.00,0.900,10.000,26.000,94.00,12.0000,108.6480,0.0481,1.207200,1.942
Eta0.9,40.00,35.000,25.000,40.00,0.900,10.000,26.000,94.00,12.0000,108.6480,0.0481,1.237380,1.991
Eta0.9,41.00,35.000,25.000,40.00,0.900,10.000,26.000,94.00,12.0000,108.6480,0.0481,1.267560,2.039
Eta0.9,42.00,35.000,25.000,40.00,0.900,10.000,26.000,94.00,12.0000,108.6480,0.0481,1.297740,2.088
Eta0.9,43.00,35.000,25.000,40.00,0.900,10.000,26.000,94.00,12.0000,108.6480,0.0481,1.327920,2.136
Eta0.9,44.00,35.000,25.000,40.00,0.900,10.000,26.000,94.00,12.0000,108.6480,0.0481,1.358100,2.185
Eta0.9,45.00,35.000,25.000,40.00,0.900,10.000,26.000,94.00,12.0000,108.6480,0.0481,1.388280,2.234
Eta0.9,46.00,35.000,25.000,40.00,0.900,10.000,26.000,94.00,12.0000,108.6480,0.0481,1.418460,2.282
Eta0.9,47.00,35.000,25.000,40.00,0.900,10.000,26.000,94.00,12.0000,108.6480,0.0481,1.448640,2.331
Eta0.9,48.00,35.000,25.000,40.00,0.900,10.000,26.000,94.00,12.0000,108.6480,0.0481,1.478820,2.379
Eta0.9,49.00,35.000,25.000,40.00,0.900,10.000,26.000,94.00,12.0000,108.6480,0.0481,1.509000,2.428
Eta0.9,50.00,35.000,25.000,40.00,0.900,10.000,26.000,94.00,12.0000,108.6480,0.0481,1.539180,2.476
Eta0.9,51.00,35.000,25.000,40.00,0.900,10.000,26.000,94.00,12.0000,108.6480,0.0481,1.569360,2.525
Eta0.9,52.00,35.000,25.000,40.00,0.900,10.000,26.000,94.00,12.0000,108.6480,0.0481,1.599540,2.573
Eta0.9,53.00,35.000,25.000,40.00,0.900,10.000,26.000,94.00,12.0000,108.6480,0.0481,1.629720,2.622
Eta0.9,54.00,35.000,25.000,40.00,0.900,10.000,26.000,94.00,12.0000,108.6480,0.0481,1.659900,2.671
Eta0.9,55.00,35.000,25.000,40.00,0.900,10.000,26.000,94.00,12.0000,108.6480,0.0481,1.690080,2.719
Eta0.9,56.00,35.000,25.000,40.00,0.900,10.000,26.000,94.00,12.0000,108.6480,0.0481,1.720260,2.768
Eta0.9,57.00,35.000,25.000,40.00,0.900,10.000,26.000,94.00,12.0000,108.6480,0.0481,1.750440,2.816
Eta0.9,58.00,35.000,25.000,40.00,0.900,10.000,26.000,94.00,12.0000,108.6480,0.0481,1.780620,2.865
Eta0.9,59.00,35.000,25.000,40.00,0.900,10.000,26.000,94.00,12.0000,108.6480,0.0481,1.810800,2.913
Eta0.9,60.00,35.000,25.000,40.00,0.900,10.000,26.000,94.00,12.0000,108.6480,0.0481,1.840980,2.962
Eta0.9,61.00,35.000,25.000,40.00,0.900,10.000,26.000,94.00,12.0000,108.6480,0.0481,1.871160,3.010
Eta0.9,62.00,35.000,25.000,40.00,0.900,10.000,26.000,94.00,12.0000,108.6480,0.0481,1.901340,3.059
Eta0.9,63.00,35.000,25.000,40.00,0.900,10.000,26.000,94.00,12.0000,108.6480,0.0481,1.931520,3.108
Eta0.9,64.00,35.000,25.000,40.00,0.900,10.000,26.000,94.00,12.0000,108.6480,0.0481,1.961700,3.156
Eta0.9,65.00,35.000,25.000,40.00,0.900,10.000,26.000,94.00,12.0000,108.6480,0.0481,1.991880,3.205
Eta0.9,66.00,35.000,25.000,40.00,0.900,10.000,26.000,94.00,12.0000,108.6480,0.0481,2.022060,3.253
Eta0.9,67.00,35.000,25.000,40.00,0.900,10.000,26.000,94.00,12.0000,108.6480,0.0481,2.052240,3.302
Eta0.9,68.00,35.000,25.000,40.00,0.900,10.000,26.000,94.00,12.0000,108.6480,0.0481,2.082420,3.350
Eta0.9,69.00,35.000,25.000,40.00,0.900,10.000,26.000,94.00,12.0000,108.6480,0.0481,2.112600,3.399
Eta0.9,70.00,35.000,25.000,40.00,0.900,10.000,26.000,94.00,12.0000,108.6480,0.0481,2.142780,3.447
Eta0.9,71.00,35.000,25.000,40.00,0.900,10.000,26.000,94.00,12.0000,108.6480,0.0481,2.172960,3.496
Eta0.9,72.00,35.000,25.000,40.00,0.900,10.000,26.000,94.00,12.0000,108.6480,0.0481,2.203140,3.545
Eta0.9,73.00,35.000,25.000,40.00,0.900,10.000,26.000,94.00,12.0000,108.6480,0.0481,2.233320,3.593
Eta0.9,74.00,35.000,25.000,40.00,0.900,10.000,26.000,94.00,12.0000,108.6480,0.0481,2.263500,3.642
Eta0.9,75.00,35.000,25.000,40.00,0.900,10.000,26.000,94.00,12.0000,108.6480,0.0481,2.293680,3.690
Eta0.9,76.00,35.000,25.000,40.00,0.900,10.000,26.000,94.00,12.0000,108.6480,0.0481,2.323860,3.739
Eta0.9,77.00,35.000,25.000,40.00,0.900,10.000,26.000,94.00,12.0000,108.6480,0.0481,2.354040,3.787
Eta0.9,78.00,35.000,25.000,40.00,0.900,10.000,26.000,94.00,12.0000,108.6480,0.0481,2.384220,3.836
Eta0.9,79.00,35.000,25.000,40.00,0.900,10.000,26.000,94.00,12.0000,108.6480,0.0481,2.414400,3.884
Eta0.9,80.00,35.000,25.000,40.00,0.900,10.000,26.000,94.00,12.0000,108.6480,0.0481,2.444580,3.933
Eta0.9,81.00,35.000,25.000,40.00,0.900,10.000,26.000,94.00,12.0000,108.6480,0.0481,2.474760,3.982
Eta0.9,82.00,35.000,25.000,40.00,0.900,10.000,26.000,94.00,12.0000,108.6480,0.0481,2.504940,4.030
Eta0.9,83.00,35.000,25.000,40.00,0.900,10.000,26.000,94.00,12.0000,108.6480,0.0481,2.535120,4.079
Eta0.9,84.00,35.000,25.000,40.00,0.900,10.000,26.000,94.00,12.0000,108.6480,0.0481,2.565300,4.127
Eta0.9,85.00,35.000,25.000,40.00,0.900,10.000,26.000,94.00,12.0000,108.6480,0.0481,2.595480,4.176
Eta0.9,86.00,35.000,25.000,40.00,0.900,10.000,26.000,94.00,12.0000,108.6480,0.0481,2.625660,4.224
Eta0.9,87.00,35.000,25.000,40.00,0.900,10.000,26.000,94.00,12.0000,108.6480,0.0481,2.655840,4.273
Eta0.9,88.00,35.000,25.000,40.00,0.900,10.000,26.000,94.00,12.0000,108.6480,0.0481,2.686020,4.321
Eta0.9,89.00,35.000,25.000,40.00,0.900,10.000,26.000,94.00,12.0000,108.6480,0.0481,2.716200,4.370
Eta0.9,90.00,35.000,25.000,40.00,0.900,10.000,26.000,94.00,12.0000,108.6480,0.0481,2.746380,4.419
Eta0.9,91.00,35.000,25.000,40.00,0.900,10.000,26.000,94.00,12.0000,108.6480,0.0481,2.776560,4.467
Eta0.9,92.00,35.000,25.000,40.00,0.900,10.000,26.000,94.00,12.0000,108.6480,0.0481,2.806740,4.516
Eta0.9,93.00,35.000,25.000,40.00,0.900,10.000,26.000,94.00,12.0000,108.6480,0.0481,2.836920,4.564
Eta0.9,94.00,35.000,25.000,40.00,0.900,10.000,26.000,94.00,12.0000,108.6480,0.0481,2.867100,4.613
Eta0.9,95.00,35.000,25.000,40.00,0.900,10.000,26.000,94.00,12.0000,108.6480,0.0481,2.897280,4.661
Eta0.9,96.00,35.000,25.000,40.00,0.900,10.000,26.000,94.00,12.0000,108.6480,0.0481,2.927460,4.710
Eta0.9,97.00,35.000,25.000,40.00,0.900,10.000,26.000,94.00,12.0000,108.6480,0.0481,2.957640,4.758
Eta0.9,98.00,35.000,25.000,40.00,0.900,10.000,26.000,94.00,12.0000,108.6480,0.0481,2.987820,4.807
Eta0.9,99.00,35.000,25.000,40.00,0.900,10.000,26.000,94.00,12.0000,108.6480,0.0481,3.018000,4.856
Eta0.9,100.00,35.000,25.000,40.00,0.900,10.000,26.000,94.00,12.0000,108.6480,0.0481,3.048180,4.904
Eta0.9,101.00,35.000,25.000,40.00,0.900,10.000,26.000,94.00,12.0000,108.6480,0.0481,3.078360,4.953
Eta0.9,102.00,35.000,25.000,40.00,0.900,10.000,26.000,94.00,12.0000,108.6480,0.0481,3.108540,5.001
Eta0.9,103.00,35.000,25.000,40.00,0.900,10.000,26.000,94.00,12.0000,108.6480,0.0481,3.138720,5.050
Eta0.9,104.00,35.000,25.000,40.00,0.900,10.000,26.000,94.00,12.0000,108.6480,0.0481,3.168900,5.098
Eta0.9,105.00,35.000,25.000,40.00,0.900,10.000,26.000,94.00,12.0000,108.6480,0.0481,3.199080,5.147
Eta0.9,106.00,35.000,25.000,40.00,0.900,10.000,26.000,94.00,12.0000,108.6480,0.0481,3.229260,5.195
Eta0.9,107.00,35.000,25.000,40.00,0.900,10.000,26.000,94.00,12.0000,108.6480,0.0481,3.259440,5.244
Eta0.9,108.00,35.000,25.000,40.00,0.900,10.000,26.000,94.00,12.0000,108.6480,0.0481,3.289620,5.293
Eta0.9,109.00,35.000,25.000,40.00,0.900,10.000,26.000,94.00,12.0000,108.6480,0.0481,3.319800,5.341
Eta0.9,110.00,35.000,25.000,40.00,0.900,10.000,26.000,94.00,12.0000,108.6480,0.0481,3.349980,5.390
Eta0.9,111.00,35.000,25.000,40.00,0.900,10.000,26.000,94.00,12.0000,108.6480,0.0481,3.380160,5.438
Eta0.9,112.00,35.000,25.000,40.00,0.900,10.000,26.000,94.00,12.0000,108.6480,0.0481,3.410340,5.487
Eta0.9,113.00,35.000,25.000,40.00,0.900,10.000,26.000,94.00,12.0000,108.6480,0.0481,3.440520,5.535
Eta0.9,114.00,35.000,25.000,40.00,0.900,10.000,26.000,94.00,12.0000,108.6480,0.0481,3.470700,5.584
Eta0.9,115.00,35.000,25.000,40.00,0.900,10.000,26.000,94.00,12.0000,108.6480,0.0481,3.500880,5.632
Eta0.9,116.00,35.000,25.000,40.00,0.900,10.000,26.000,94.00,12.0000,108.6480,0.0481,3.531060,5.681
Eta0.9,117.00,35.000,25.000,40.00,0.900,10.000,26.000,94.00,12.0000,108.6480,0.0481,3.561240,5.729
Eta0.9,118.00,35.000,25.000,40.00,0.900,10.000,26.000,94.00,12.0000,108.6480,0.0481,3.591420,5.778
Eta0.9,119.00,35.000,25.000,40.00,0.900,10.000,26.000,94.00,12.0000,108.6480,0.0481,3.621600,5.827
Eta0.9,120.00,35.000,25.000,40.00,0.900,10.000,26.000,94.00,12.0000,108.6480,0.0481,3.651780,5.875
Eta0.9,121.00,35.000,25.000,40.00,0.900,10.000,26.000,94.00,12.0000,108.6480,0.0481,3.681960,5.924
Eta0.9,122.00,35.000,25.000,40.00,0.900,10.000,26.000,94.00,12.0000,108.6480,0.0481,3.712140,5.972
Eta0.9,123.00,35.000,25.000,40.00,0.900,10.000,26.000,94.00,12.0000,108.6480,0.0481,3.742320,6.021
Eta0.9,124.00,35.000,25.000,40.00,0.900,10.000,26.000,94.00,12.0000,108.6480,0.0481,3.772500,6.069
Eta0.9,125.00,35.000,25.000,40.00,0.900,10.000,26.000,94.00,12.0000,108.6480,0.0481,3.802680,6.118
Eta0.9,126.00,35.000,25.000,40.00,0.900,10.000,26.000,94.00,12.0000,108.6480,0.0481,3.832860,6.166
Eta0.9,127.00,35.000,25.000,40.00,0.900,10.000,26.000,94.00,12.0000,108.6480,0.0481,3.863040,6.215
Eta0.9,128.00,35.000,25.000,40.00,0.900,10.000,26.000,94.00,12.0000,108.6480,0.0481,3.893220,6.264
Eta0.9,129.00,35.000,25.000,40.00,0.900,10.000,26.000,94.00,12.0000,108.6480,0.0481,3.923400,6.312
Eta0.9,130.00,35.000,25.000,40.00,0.900,10.000,26.000,94.00,12.0000,108.6480,0.0481,3.953580,6.361
Eta0.9,131.00,35.000,25.000,40.00,0.900,10.000,26.000,94.00,12.0000,108.6480,0.0481,3.983760,6.409
Eta0.9,132.00,35.000,25.000,40.00,0.900,10.000,26.000,94.00,12.0000,108.6480,0.0481,4.013940,6.458
Eta0.9,133.00,35.000,25.000,40.00,0.900,10.000,26.000,94.00,12.0000,108.6480,0.0481,4.044120,6.506
Eta0.9,134.00,35.000,25.000,40.00,0.900,10.000,26.000,94.00,12.0000,108.6480,0.0481,4.074300,6.555
Eta0.9,135.00,35.000,25.000,40.00,0.900,10.000,26.000,94.00,12.0000,108.6480,0.0481,4.104480,6.603
Eta0.9,136.00,35.000,25.000,40.00,0.900,10.000,26.000,94.00,12.0000,108.6480,0.0481,4.134660,6.652
Eta0.9,137.00,35.000,25.000,40.00,0.900,10.000,26.000,94.00,12.0000,108.6480,0.0481,4.164840,6.701
Eta0.9,138.00,35.000,25.000,40.00,0.900,10.000,26.000,94.00,12.0000,108.6480,0.0481,4.195020,6.749
Eta0.9,139.00,35.000,25.000,40.00,0.900,10.000,26.000,94.00,12.0000,108.6480,0.0481,4.225200,6.798
Eta0.9,140.00,35.000,25.000,40.00,0.900,10.000,26.000,94.00,12.0000,108.6480,0.0481,4.255380,6.846
Eta0.9,141.00,35.000,25.000,40.00,0.900,10.000,26.000,94.00,12.0000,108.6480,0.0481,4.285560,6.895
Eta0.9,142.00,35.000,25.000,40.00,0.900,10.000,26.000,94.00,12.0000,108.6480,0.0481,4.315740,6.943
Eta0.9,143.00,35.000,25.000,40.00,0.900,10.000,26.000,94.00,12.0000,108.6480,0.0481,4.345920,6.992
Eta0.9,144.00,35.000,25.000,40.00,0.900,10.000,26.000,94.00,12.0000,108.6480,0.0481,4.376100,7.040
Eta0.9,145.00,35.000,25.000,40.00,0.900,10.000,26.000,94.00,12.0000,108.6480,0.0481,4.406280,7.089
Eta0.9,146.00,35.000,25.000,40.00,0.900,10.000,26.000,94.00,12.0000,108.6480,0.0481,4.436460,7.138
Eta0.9,147.00,35.000,25.000,40.00,0.900,10.000,26.000,94.00,12.0000,108.6480,0.0481,4.466640,7.186
Eta0.9,148.00,35.000,25.000,40.00,0.900,10.000,26.000,94.00,12.0000,108.6480,0.0481,4.496820,7.235
Eta0.9,149.00,35.000,25.000,40.00,0.900,10.000,26.000,94.00,12.0000,108.6480,0.0481,4.527000,7.283
Eta0.9,150.00,35.000,25.000,40.00,0.900,10.000,26.000,94.00,12.0000,108.6480,0.0481,4.557180,7.332
Eta0.9,151.00,35.000,25.000,40.00,0.900,10.000,26.000,94.00,12.0000,108.6480,0.0481,4.587360,7.380
Eta0.9,152.00,35.000,25.000,40.00,0.900,10.000,26.000,94.00,12.0000,108.6480,0.0481,4.617540,7.429
Eta0.9,153.00,35.000,25.000,40.00,0.900,10.000,26.000,94.00,12.0000,108.6480,0.0481,4.647720,7.477
Eta0.9,154.00,35.000,25.000,40.00,0.900,10.000,26.000,94.00,12.0000,108.6480,0.0481,4.677900,7.526
Eta0.9,155.00,35.000,25.000,40.00,0.900,10.000,26.000,94.00,12.0000,108.6480,0.0481,4.708080,7.575
Eta0.9,156.00,35.000,25.000,40.00,0.900,10.000,26.000,94.00,12.0000,108.6480,0.0481,4.738260,7.623
Eta0.9,157.00,35.000,25.000,40.00,0.900,10.000,26.000,94.00,12.0000,108.6480,0.0481,4.768440,7.672
Eta0.9,158.00,35.000,25.000,40.00,0.900,10.000,26.000,94.00,12.0000,108.6480,0.0481,4.798620,7.720
Eta0.9,159.00,35.000,25.000,40.00,0.900,10.000,26.000,94.00,12.0000,108.6480,0.0481,4.828800,7.769
Eta0.9,160.00,35.000,25.000,40.00,0.900,10.000,26.000,94.00,12.0000,108.6480,0.0481,4.858980,7.817
Eta0.9,161.00,35.000,25.000,40.00,0.900,10.000,26.000,94.00,12.0000,108.6480,0.0481,4.889160,7.866
Eta0.9,162.00,35.000,25.000,40.00,0.900,10.000,26.000,94.00,12.0000,108.6480,0.0481,4.919340,7.914
Eta0.9,163.00,35.000,25.000,40.00,0.900,10.000,26.000,94.00,12.0000,108.6480,0.0481,4.949520,7.963
Eta0.9,164.00,35.000,25.000,40.00,0.900,10.000,26.000,94.00,12.0000,108.6480,0.0481,4.979700,8.012
Eta0.9,165.00,35.000,25.000,40.00,0.900,10.000,26.000,94.00,12.0000,108.6480,0.0481,5.009880,8.060
Eta0.9,166.00,35.000,25.000,40.00,0.900,10.000,26.000,94.00,12.0000,108.6480,0.0481,5.040060,8.109
Eta0.9,167.00,35.000,25.000,40.00,0.900,10.000,26.000,94.00,12.0000,108.6480,0.0481,5.070240,8.157
Eta0.9,168.00,35.000,25.000,40.00,0.900,10.000,26.000,94.00,12.0000,108.6480,0.0481,5.100420,8.206
Eta0.9,169.00,35.000,25.000,40.00,0.900,10.000,26.000,94.00,12.0000,108.6480,0.0481,5.130600,8.254
Eta0.9,170.00,35.000,25.000,40.00,0.900,10.000,26.000,94.00,12.0000,108.6480,0.0481,5.160780,8.303
Eta0.9,171.00,35.000,25.000,40.00,0.900,10.000,26.000,94.00,12.0000,108.6480,0.0481,5.190960,8.351
Eta0.9,172.00,35.000,25.000,40.00,0.900,10.000,26.000,94.00,12.0000,108.6480,0.0481,5.221140,8.400
Eta0.9,173.00,35.000,25.000,40.00,0.900,10.000,26.000,94.00,12.0000,108.6480,0.0481,5.251320,8.449
Eta0.9,174.00,35.000,25.000,40.00,0.900,10.000,26.000,94.00,12.0000,108.6480,0.0481,5.281500,8.497
Eta0.9,175.00,35.000,25.000,40.00,0.900,10.000,26.000,94.00,12.0000,108.6480,0.0481,5.311680,8.546
Eta0.9,176.00,35.000,25.000,40.00,0.900,10.000,26.000,94.00,12.0000,108.6480,0.0481,5.341860,8.594
Eta0.9,177.00,35.000,25.000,40.00,0.900,10.000,26.000,94.00,12.0000,108.6480,0.0481,5.372040,8.643
Eta0.9,178.00,35.000,25.000,40.00,0.900,10.000,26.000,94.00,12.0000,108.6480,0.0481,5.402220,8.691
Eta0.9,179.00,35.000,25.000,40.00,0.900,10.000,26.000,94.00,12.0000,108.6480,0.0481,5.432400,8.740
Eta0.9,180.00,35.000,25.000,40.00,0.900,10.000,26.000,94.00,12.0000,108.6480,0.0481,5.462580,8.788
Eta0.9,181.00,35.000,25.000,40.00,0.900,10.000,26.000,94.00,12.0000,108.6480,0.0481,5.492760,8.837
Eta0.9,182.00,35.000,25.000,40.00,0.900,10.000,26.000,94.00,12.0000,108.6480,0.0481,5.522940,8.886
Eta0.9,183.00,35.000,25.000,40.00,0.900,10.000,26.000,94.00,12.0000,108.6480,0.0481,5.553120,8.934
Eta0.9,184.00,35.000,25.000,40.00,0.900,10.000,26.000,94.00,12.0000,108.6480,0.0481,5.583300,8.983
Eta0.9,185.00,35.000,25.000,40.00,0.900,10.000,26.000,94.00,12.0000,108.6480,0.0481,5.613480,9.031
Eta0.9,186.00,35.000,25.000,40.00,0.900,10.000,26.000,94.00,12.0000,108.6480,0.0481,5.643660,9.080
Eta0.9,187.00,35.000,25.000,40.00,0.900,10.000,26.000,94.00,12.0000,108.6480,0.0481,5.673840,9.128
Eta0.9,188.00,35.000,25.000,40.00,0.900,10.000,26.000,94.00,12.0000,108.6480,0.0481,5.704020,9.177
Eta0.9,189.00,35.000,25.000,40.00,0.900,10.000,26.000,94.00,12.0000,108.6480,0.0481,5.734200,9.225
Eta0.9,190.00,35.000,25.000,40.00,0.900,10.000,26.000,94.00,12.0000,108.6480,0.0481,5.764380,9.274
Eta0.9,191.00,35.000,25.000,40.00,0.900,10.000,26.000,94.00,12.0000,108.6480,0.0481,5.794560,9.323
Eta0.9,192.00,35.000,25.000,40.00,0.900,10.000,26.000,94.00,12.0000,108.6480,0.0481,5.824740,9.371
Eta0.9,193.00,35.000,25.000,40.00,0.900,10.000,26.000,94.00,12.0000,108.6480,0.0481,5.854920,9.420
Eta0.9,194.00,35.000,25.000,40.00,0.900,10.000,26.000,94.00,12.0000,108.6480,0.0481,5.885100,9.468
Eta0.9,195.00,35.000,25.000,40.00,0.900,10.000,26.000,94.00,12.0000,108.6480,0.0481,5.915280,9.517
Eta0.9,196.00,35.000,25.000,40.00,0.900,10.000,26.000,94.00,12.0000,108.6480,0.0481,5.945460,9.565
Eta0.9,197.00,35.000,25.000,40.00,0.900,10.000,26.000,94.00,12.0000,108.6480,0.0481,5.975640,9.614
Eta0.9,198.00,35.000,25.000,40.00,0.900,10.000,26.000,94.00,12.0000,108.6480,0.0481,6.005820,9.662
Eta0.9,199.00,35.000,25.000,40.00,0.900,10.000,26.000,94.00,12.0000,108.6480,0.0481,6.036000,9.711
Eta0.9,200.00,35.000,25.000,40.00,0.900,10.000,26.000,94.00,12.0000,108.6480,0.0481,6.066180,9.760
Eta0.9,201.00,35.000,25.000,40.00,0.900,10.000,26.000,94.00,12.0000,108.6480,0.0481,6.096360,9.808
Eta0.9,202.00,35.000,25.000,40.00,0.900,10.000,26.000,94.00,12.0000,108.6480,0.0481,6.126540,9.857
Eta0.9,203.00,35.000,25.000,40.00,0.900,10.000,26.000,94.00,12.0000,108.6480,0.0481,6.156720,9.905
Eta0.9,204.00,35.000,25.000,40.00,0.900,10.000,26.000,94.00,12.0000,108.6480,0.0481,6.186900,9.954
Eta0.9,205.00,35.000,25.000,40.00,0.900,10.000,26.000,94.00,12.0000,108.6480,0.0481,6.217080,10.002
Eta0.9,206.00,35.000,25.000,40.00,0.900,10.000,26.000,94.00,12.0000,108.6480,0.0481,6.247260,10.051
Eta0.9,207.00,35.000,25.000,40.00,0.900,10.000,26.000,94.00,12.0000,108.6480,0.0481,6.277440,10.099
Eta0.9,208.00,35.000,25.000,40.00,0.900,10.000,26.000,94.00,12.0000,108.6480,0.0481,6.307620,10.148
Eta0.9,209.00,35.000,25.000,40.00,0.900,10.000,26.000,94.00,12.0000,108.6480,0.0481,6.337800,10.197
Eta0.9,210.00,35.000,25.000,40.00,0.900,10.000,26.000,94.00,12.0000,108.6480,0.0481,6.367980,10.245
Eta0.9,211.00,35.000,25.000,40.00,0.900,10.000,26.000,94.00,12.0000,108.6480,0.0481,6.398160,10.294
Eta0.9,212.00,35.000,25.000,40.00,0.900,10.000,26.000,94.00,12.0000,108.6480,0.0481,6.428340,10.342
Eta0.9,213.00,35.000,25.000,40.00,0.900,10.000,26.000,94.00,12.0000,108.6480,0.0481,6.458520,10.391
Eta0.9,214.00,35.000,25.000,40.00,0.900,10.000,26.000,94.00,12.0000,108.6480,0.0481,6.488700,10.439
Eta0.9,215.00,35.000,25.000,40.00,0.900,10.000,26.000,94.00,12.0000,108.6480,0.0481,6.518880,10.488
Eta0.9,216.00,35.000,25.000,40.00,0.900,10.000,26.000,94.00,12.0000,108.6480,0.0481,6.549060,10.536
Eta0.9,217.00,35.000,25.000,40.00,0.900,10.000,26.000,94.00,12.0000,108.6480,0.0481,6.579240,10.585
Eta0.9,218.00,35.000,25.000,40.00,0.900,10.000,26.000,94.00,12.0000,108.6480,0.0481,6.609420,10.634
Eta0.9,219.00,35.000,25.000,40.00,0.900,10.000,26.000,94.00,12.0000,108.6480,0.0481,6.639600,10.682
Eta0.9,220.00,35.000,25.000,40.00,0.900,10.000,26.000,94.00,12.0000,108.6480,0.0481,6.669780,10.731
Eta0.9,221.00,35.000,25.000,40.00,0.900,10.000,26.000,94.00,12.0000,108.6480,0.0481,6.699960,10.779
Eta0.9,222.00,35.000,25.000,40.00,0.900,10.000,26.000,94.00,12.0000,108.6480,0.0481,6.730140,10.828
Eta0.9,223.00,35.000,25.000,40.00,0.900,10.000,26.000,94.00,12.0000,108.6480,0.0481,6.760320,10.876
Eta0.9,224.00,35.000,25.000,40.00,0.900,10.000,26.000,94.00,12.0000,108.6480,0.0481,6.790500,10.925
Eta0.9,225.00,35.000,25.000,40.00,0.900,10.000,26.000,94.00,12.0000,108.6480,0.0481,6.820680,10.973
Eta0.9,226.00,35.000,25.000,40.00,0.900,10.000,26.000,94.00,12.0000,108.6480,0.0481,6.850860,11.022
Eta0.9,227.00,35.000,25.000,40.00,0.900,10.000,26.000,94.00,12.0000,108.6480,0.0481,6.881040,11.071
Eta0.9,228.00,35.000,25.000,40.00,0.900,10.000,26.000,94.00,12.0000,108.6480,0.0481,6.911220,11.119
Eta0.9,229.00,35.000,25.000,40.00,0.900,10.000,26.000,94.00,12.0000,108.6480,0.0481,6.941400,11.168
Eta0.9,230.00,35.000,25.000,40.00,0.900,10.000,26.000,94.00,12.0000,108.6480,0.0481,6.971580,11.216
Eta0.9,231.00,35.000,25.000,40.00,0.900,10.000,26.000,94.00,12.0000,108.6480,0.0481,7.001760,11.265
Eta0.9,232.00,35.000,25.000,40.00,0.900,10.000,26.000,94.00,12.0000,108.6480,0.0481,7.031940,11.313
Eta0.9,233.00,35.000,25.000,40.00,0.900,10.000,26.000,94.00,12.0000,108.6480,0.0481,7.062120,11.362
Eta0.9,234.00,35.000,25.000,40.00,0.900,10.000,26.000,94.00,12.0000,108.6480,0.0481,7.092300,11.410
Eta0.9,235.00,35.000,25.000,40.00,0.900,10.000,26.000,94.00,12.0000,108.6480,0.0481,7.122480,11.459
Eta0.9,236.00,35.000,25.000,40.00,0.900,10.000,26.000,94.00,12.0000,108.6480,0.0481,7.152660,11.508
Eta0.9,237.00,35.000,25.000,40.00,0.900,10.000,26.000,94.00,12.0000,108.6480,0.0481,7.182840,11.556
Eta0.9,238.00,35.000,25.000,40.00,0.900,10.000,26.000,94.00,12.0000,108.6480,0.0481,7.213020,11.605
Eta0.9,239.00,35.000,25.000,40.00,0.900,10.000,26.000,94.00,12.0000,108.6480,0.0481,7.243200,11.653
Eta0.9,240.00,35.000,25.000,40.00,0.900,10.000,26.000,94.00,12.0000,108.6480,0.0481,7.273380,11.702
Eta0.9,241.00,35.000,25.000,40.00,0.900,10.000,26.000,94.00,12.0000,108.6480,0.0481,7.303560,11.750
Eta0.9,242.00,35.000,25.000,40.00,0.900,10.000,26.000,94.00,12.0000,108.6480,0.0481,7.333740,11.799
Eta0.9,243.00,35.000,25.000,40.00,0.900,10.000,26.000,94.00,12.0000,108.6480,0.0481,7.363920,11.847
Eta0.9,244.00,35.000,25.000,40.00,0.900,10.000,26.000,94.00,12.0000,108.6480,0.0481,7.394100,11.896
Eta0.9,245.00,35.000,25.000,40.00,0.900,10.000,26.000,94.00,12.0000,108.6480,0.0481,7.424280,11.945
Eta0.9,246.00,35.000,25.000,40.00,0.900,10.000,26.000,94.00,12.0000,108.6480,0.0481,7.454460,11.993
Eta0.9,247.00,35.000,25.000,40.00,0.900,10.000,26.000,94.00,12.0000,108.6480,0.0481,7.484640,12.042
Eta0.9,248.00,35.000,25.000,40.00,0.900,10.000,26.000,94.00,12.0000,108.6480,0.0481,7.514820,12.090
Eta0.9,249.00,35.000,25.000,40.00,0.900,10.000,26.000,94.00,12.0000,108.6480,0.0481,7.545000,12.139
Eta0.9,250.00,35.000,25.000,40.00,0.900,10.000,26.000,94.00,12.0000,108.6480,0.0481,7.575180,12.187
Eta0.9,251.00,35.000,25.000,40.00,0.900,10.000,26.000,94.00,12.0000,108.6480,0.0481,7.605360,12.236
Eta0.9,252.00,35.000,25.000,40.00,0.900,10.000,26.000,94.00,12.0000,108.6480,0.0481,7.635540,12.284
Eta0.9,253.00,35.000,25.000,40.00,0.900,10.000,26.000,94.00,12.0000,108.6480,0.0481,7.665720,12.333
Eta0.9,254.00,35.000,25.000,40.00,0.900,10.000,26.000,94.00,12.0000,108.6480,0.0481,7.695900,12.382
Eta0.9,255.00,35.000,25.000,40.00,0.900,10.000,26.000,94.00,12.0000,108.6480,0.0481,7.726080,12.430
Eta0.9,256.00,35.000,25.000,40.00,0.900,10.000,26.000,94.00,12.0000,108.6480,0.0481,7.756260,12.479
Eta0.9,257.00,35.000,25.000,40.00,0.900,10.000,26.000,94.00,12.0000,108.6480,0.0481,7.786440,12.527
Eta0.9,258.00,35.000,25.000,40.00,0.900,10.000,26.000,94.00,12.0000,108.6480,0.0481,7.816620,12.576
Eta0.9,259.00,35.000,25.000,40.00,0.900,10.000,26.000,94.00,12.0000,108.6480,0.0481,7.846800,12.624
Eta0.9,260.00,35.000,25.000,40.00,0.900,10.000,26.000,94.00,12.0000,108.6480,0.0481,7.876980,12.673
Eta0.9,261.00,35.000,25.000,40.00,0.900,10.000,26.000,94.00,12.0000,108.6480,0.0481,7.907160,12.721
Eta0.9,262.00,35.000,25.000,40.00,0.900,10.000,26.000,94.00,12.0000,108.6480,0.0481,7.937340,12.770
Eta0.9,263.00,35.000,25.000,40.00,0.900,10.000,26.000,94.00,12.0000,108.6480,0.0481,7.967520,12.819
Eta0.9,264.00,35.000,25.000,40.00,0.900,10.000,26.000,94.00,12.0000,108.6480,0.0481,7.997700,12.867
Eta0.9,265.00,35.000,25.000,40.00,0.900,10.000,26.000,94.00,12.0000,108.6480,0.0481,8.027880,12.916
Eta0.9,266.00,35.000,25.000,40.00,0.900,10.000,26.000,94.00,12.0000,108.6480,0.0481,8.058060,12.964
Eta0.9,267.00,35.000,25.000,40.00,0.900,10.000,26.000,94.00,12.0000,108.6480,0.0481,8.088240,13.013
Eta0.9,268.00,35.000,25.000,40.00,0.900,10.000,26.000,94.00,12.0000,108.6480,0.0481,8.118420,13.061
Eta0.9,269.00,35.000,25.000,40.00,0.900,10.000,26.000,94.00,12.0000,108.6480,0.0481,8.148600,13.110
Eta0.9,270.00,35.000,25.000,40.00,0.900,10.000,26.000,94.00,12.0000,108.6480,0.0481,8.178780,13.158
Eta0.9,271.00,35.000,25.000,40.00,0.900,10.000,26.000,94.00,12.0000,108.6480,0.0481,8.208960,13.207
Eta0.9,272.00,35.000,25.000,40.00,0.900,10.000,26.000,94.00,12.0000,108.6480,0.0481,8.239140,13.256
Eta0.9,273.00,35.000,25.000,40.00,0.900,10.000,26.000,94.00,12.0000,108.6480,0.0481,8.269320,13.304
Eta0.9,274.00,35.000,25.000,40.00,0.900,10.000,26.000,94.00,12.0000,108.6480,0.0481,8.299500,13.353
Eta0.9,275.00,35.000,25.000,40.00,0.900,10.000,26.000,94.00,12.0000,108.6480,0.0481,8.329680,13.401
Eta0.9,276.00,35.000,25.000,40.00,0.900,10.000,26.000,94.00,12.0000,108.6480,0.0481,8.359860,13.450
Eta0.9,277.00,35.000,25.000,40.00,0.900,10.000,26.000,94.00,12.0000,108.6480,0.0481,8.390040,13.498
Eta0.9,278.00,35.000,25.000,40.00,0.900,10.000,26.000,94.00,12.0000,108.6480,0.0481,8.420220,13.547
Eta0.9,279.00,35.000,25.000,40.00,0.900,10.000,26.000,94.00,12.0000,108.6480,0.0481,8.450400,13.595
Eta0.9,280.00,35.000,25.000,40.00,0.900,10.000,26.000,94.00,12.0000,108.6480,0.0481,8.480580,13.644
Eta0.9,281.00,35.000,25.000,40.00,0.900,10.000,26.000,94.00,12.0000,108.6480,0.0481,8.510760,13.693
Eta0.9,282.00,35.000,25.000,40.00,0.900,10.000,26.000,94.00,12.0000,108.6480,0.0481,8.540940,13.741
Eta0.9,283.00,35.000,25.000,40.00,0.900,10.000,26.000,94.00,12.0000,108.6480,0.0481,8.571120,13.790
Eta0.9,284.00,35.000,25.000,40.00,0.900,10.000,26.000,94.00,12.0000,108.6480,0.0481,8.601300,13.838
Eta0.9,285.00,35.000,25.000,40.00,0.900,10.000,26.000,94.00,12.0000,108.6480,0.0481,8.631480,13.887
Eta0.9,286.00,35.000,25.000,40.00,0.900,10.000,26.000,94.00,12.0000,108.6480,0.0481,8.661660,13.935
Eta0.9,287.00,35.000,25.000,40.00,0.900,10.000,26.000,94.00,12.0000,108.6480,0.0481,8.691840,13.984
Eta0.9,288.00,35.000,25.000,40.00,0.900,10.000,26.000,94.00,12.0000,108.6480,0.0481,8.722020,14.032
Eta0.9,289.00,35.000,25.000,40.00,0.900,10.000,26.000,94.00,12.0000,108.6480,0.0481,8.752200,14.081
Eta0.9,290.00,35.000,25.000,40.00,0.900,10.000,26.000,94.00,12.0000,108.6480,0.0481,8.782380,14.130
Eta0.9,291.00,35.000,25.000,40.00,0.900,10.000,26.000,94.00,12.0000,108.6480,0.0481,8.812560,14.178
Eta0.9,292.00,35.000,25.000,40.00,0.900,10.000,26.000,94.00,12.0000,108.6480,0.0481,8.842740,14.227
Eta0.9,293.00,35.000,25.000,40.00,0.900,10.000,26.000,94.00,12.0000,108.6480,0.0481,8.872920,14.275
Eta0.9,294.00,35.000,25.000,40.00,0.900,10.000,26.000,94.00,12.0000,108.6480,0.0481,8.903100,14.324
Eta0.9,295.00,35.000,25.000,40.00,0.900,10.000,26.000,94.00,12.0000,108.6480,0.0481,8.933280,14.372
Eta0.9,296.00,35.000,25.000,40.00,0.900,10.000,26.000,94.00,12.0000,108.6480,0.0481,8.963460,14.421
Eta0.9,297.00,35.000,25.000,40.00,0.900,10.000,26.000,94.00,12.0000,108.6480,0.0481,8.993640,14.469
Eta0.9,298.00,35.000,25.000,40.00,0.900,10.000,26.000,94.00,12.0000,108.6480,0.0481,9.023820,14.518
Eta0.9,299.00,35.000,25.000,40.00,0.900,10.000,26.000,94.00,12.0000,108.6480,0.0481,9.054000,14.567
Eta0.9,300.00,35.000,25.000,40.00,0.900,10.000,26.000,94.00,12.0000,108.6480,0.0481,9.084180,14.615
Eta0.9,301.00,35.000,25.000,40.00,0.900,10.000,26.000,94.00,12.0000,108.6480,0.0481,9.114360,14.664
Eta0.9,302.00,35.000,25.000,40.00,0.900,10.000,26.000,94.00,12.0000,108.6480,0.0481,9.144540,14.712
Eta0.9,303.00,35.000,25.000,40.00,0.900,10.000,26.000,94.00,12.0000,108.6480,0.0481,9.174720,14.761
Eta0.9,304.00,35.000,25.000,40.00,0.900,10.000,26.000,94.00,12.0000,108.6480,0.0481,9.204900,14.809
Eta0.9,305.00,35.000,25.000,40.00,0.900,10.000,26.000,94.00,12.0000,108.6480,0.0481,9.235080,14.858
Eta0.9,306.00,35.000,25.000,40.00,0.900,10.000,26.000,94.00,12.0000,108.6480,0.0481,9.265260,14.906
Eta0.9,307.00,35.000,25.000,40.00,0.900,10.000,26.000,94.00,12.0000,108.6480,0.0481,9.295440,14.955
Eta0.9,308.00,35.000,25.000,40.00,0.900,10.000,26.000,94.00,12.0000,108.6480,0.0481,9.325620,15.004
Eta0.9,309.00,35.000,25.000,40.00,0.900,10.000,26.000,94.00,12.0000,108.6480,0.0481,9.355800,15.052
Eta0.9,310.00,35.000,25.000,40.00,0.900,10.000,26.000,94.00,12.0000,108.6480,0.0481,9.385980,15.101
Eta0.9,311.00,35.000,25.000,40.00,0.900,10.000,26.000,94.00,12.0000,108.6480,0.0481,9.416160,15.149
Eta0.9,312.00,35.000,25.000,40.00,0.900,10.000,26.000,94.00,12.0000,108.6480,0.0481,9.446340,15.198
Eta0.9,313.00,35.000,25.000,40.00,0.900,10.000,26.000,94.00,12.0000,108.6480,0.0481,9.476520,15.246
Eta0.9,314.00,35.000,25.000,40.00,0.900,10.000,26.000,94.00,12.0000,108.6480,0.0481,9.506700,15.295
Eta0.9,315.00,35.000,25.000,40.00,0.900,10.000,26.000,94.00,12.0000,108.6480,0.0481,9.536880,15.343
Eta0.9,316.00,35.000,25.000,40.00,0.900,10.000,26.000,94.00,12.0000,108.6480,0.0481,9.567060,15.392
Eta0.9,317.00,35.000,25.000,40.00,0.900,10.000,26.000,94.00,12.0000,108.6480,0.0481,9.597240,15.441
Eta0.9,318.00,35.000,25.000,40.00,0.900,10.000,26.000,94.00,12.0000,108.6480,0.0481,9.627420,15.489
Eta0.9,319.00,35.000,25.000,40.00,0.900,10.000,26.000,94.00,12.0000,108.6480,0.0481,9.657600,15.538
Eta0.9,320.00,35.000,25.000,40.00,0.900,10.000,26.000,94.00,12.0000,108.6480,0.0481,9.687780,15.586
Eta0.9,321.00,35.000,25.000,40.00,0.900,10.000,26.000,94.00,12.0000,108.6480,0.0481,9.717960,15.635
Eta0.9,322.00,35.000,25.000,40.00,0.900,10.000,26.000,94.00,12.0000,108.6480,0.0481,9.748140,15.683
Eta0.9,323.00,35.000,25.000,40.00,0.900,10.000,26.000,94.00,12.0000,108.6480,0.0481,9.778320,15.732
Eta0.9,324.00,35.000,25.000,40.00,0.900,10.000,26.000,94.00,12.0000,108.6480,0.0481,9.808500,15.780
Eta0.9,325.00,35.000,25.000,40.00,0.900,10.000,26.000,94.00,12.0000,108.6480,0.0481,9.838680,15.829
Eta0.9,326.00,35.000,25.000,40.00,0.900,10.000,26.000,94.00,12.0000,108.6480,0.0481,9.868860,15.878
Eta0.9,327.00,35.000,25.000,40.00,0.900,10.000,26.000,94.00,12.0000,108.6480,0.0481,9.899040,15.926
Eta0.9,328.00,35.000,25.000,40.00,0.900,10.000,26.000,94.00,12.0000,108.6480,0.0481,9.929220,15.975
Eta0.9,329.00,35.000,25.000,40.00,0.900,10.000,26.000,94.00,12.0000,108.6480,0.0481,9.959400,16.023
Eta0.9,330.00,35.000,25.000,40.00,0.900,10.000,26.000,94.00,12.0000,108.6480,0.0481,9.989580,16.072
Eta0.9,331.00,35.000,25.000,40.00,0.900,10.000,26.000,94.00,12.0000,108.6480,0.0481,10.019760,16.120
Eta0.9,332.00,35.000,25.000,40.00,0.900,10.000,26.000,94.00,12.0000,108.6480,0.0481,10.049940,16.169
Eta0.9,333.00,35.000,25.000,40.00,0.900,10.000,26.000,94.00,12.0000,108.6480,0.0481,10.080120,16.217
Eta0.9,334.00,35.000,25.000,40.00,0.900,10.000,26.000,94.00,12.0000,108.6480,0.0481,10.110300,16.266
Eta0.9,335.00,35.000,25.000,40.00,0.900,10.000,26.000,94.00,12.0000,108.6480,0.0481,10.140480,16.315
Eta0.9,336.00,35.000,25.000,40.00,0.900,10.000,26.000,94.00,12.0000,108.6480,0.0481,10.170660,16.363
Eta0.9,337.00,35.000,25.000,40.00,0.900,10.000,26.000,94.00,12.0000,108.6480,0.0481,10.200840,16.412
Eta0.9,338.00,35.000,25.000,40.00,0.900,10.000,26.000,94.00,12.0000,108.6480,0.0481,10.231020,16.460
Eta0.9,339.00,35.000,25.000,40.00,0.900,10.000,26.000,94.00,12.0000,108.6480,0.0481,10.261200,16.509
Eta0.9,340.00,35.000,25.000,40.00,0.900,10.000,26.000,94.00,12.0000,108.6480,0.0481,10.291380,16.557
Eta0.9,341.00,35.000,25.000,40.00,0.900,10.000,26.000,94.00,12.0000,108.6480,0.0481,10.321560,16.606
Eta0.9,342.00,35.000,25.000,40.00,0.900,10.000,26.000,94.00,12.0000,108.6480,0.0481,10.351740,16.654
Eta0.9,343.00,35.000,25.000,40.00,0.900,10.000,26.000,94.00,12.0000,108.6480,0.0481,10.381920,16.703
Eta0.9,344.00,35.000,25.000,40.00,0.900,10.000,26.000,94.00,12.0000,108.6480,0.0481,10.412100,16.752
Eta0.9,345.00,35.000,25.000,40.00,0.900,10.000,26.000,94.00,12.0000,108.6480,0.0481,10.442280,16.800
Eta0.9,346.00,35.000,25.000,40.00,0.900,10.000,26.000,94.00,12.0000,108.6480,0.0481,10.472460,16.849
Eta0.9,347.00,35.000,25.000,40.00,0.900,10.000,26.000,94.00,12.0000,108.6480,0.0481,10.502640,16.897
Eta0.9,348.00,35.000,25.000,40.00,0.900,10.000,26.000,94.00,12.0000,108.6480,0.0481,10.532820,16.946
Eta0.9,349.00,35.000,25.000,40.00,0.900,10.000,26.000,94.00,12.0000,108.6480,0.0481,10.563000,16.994
Eta0.9,350.00,35.000,25.000,40.00,0.900,10.000,26.000,94.00,12.0000,108.6480,0.0481,10.593180,17.043
Eta0.9,351.00,35.000,25.000,40.00,0.900,10.000,26.000,94.00,12.0000,108.6480,0.0481,10.623360,17.091
Eta0.9,352.00,35.000,25.000,40.00,0.900,10.000,26.000,94.00,12.0000,108.6480,0.0481,10.653540,17.140
Eta0.9,353.00,35.000,25.000,40.00,0.900,10.000,26.000,94.00,12.0000,108.6480,0.0481,10.683720,17.188
Eta0.9,354.00,35.000,25.000,40.00,0.900,10.000,26.000,94.00,12.0000,108.6480,0.0481,10.713900,17.237
Eta0.9,355.00,35.000,25.000,40.00,0.900,10.000,26.000,94.00,12.0000,108.6480,0.0481,10.744080,17.286
Eta0.9,356.00,35.000,25.000,40.00,0.900,10.000,26.000,94.00,12.0000,108.6480,0.0481,10.774260,17.334
Eta0.9,357.00,35.000,25.000,40.00,0.900,10.000,26.000,94.00,12.0000,108.6480,0.0481,10.804440,17.383
Eta0.9,358.00,35.000,25.000,40.00,0.900,10.000,26.000,94.00,12.0000,108.6480,0.0481,10.834620,17.431
Eta0.9,359.00,35.000,25.000,40.00,0.900,10.000,26.000,94.00,12.0000,108.6480,0.0481,10.864800,17.480
Eta0.9,360.00,35.000,25.000,40.00,0.900,10.000,26.000,94.00,12.0000,108.6480,0.0481,10.894980,17.528
Eta0.9,361.00,35.000,25.000,40.00,0.900,10.000,26.000,94.00,12.0000,108.6480,0.0481,10.925160,17.577
Eta0.9,362.00,35.000,25.000,40.00,0.900,10.000,26.000,94.00,12.0000,108.6480,0.0481,10.955340,17.625
Eta0.9,363.00,35.000,25.000,40.00,0.900,10.000,26.000,94.00,12.0000,108.6480,0.0481,10.985520,17.674
Eta0.9,364.00,35.000,25.000,40.00,0.900,10.000,26.000,94.00,12.0000,108.6480,0.0481,11.015700,17.723
Eta0.9,365.00,35.000,25.000,40.00,0.900,10.000,26.000,94.00,12.0000,108.6480,0.0481,11.045880,17.771
Eta0.9,366.00,35.000,25.000,40.00,0.900,10.000,26.000,94.00,12.0000,108.6480,0.0481,11.076060,17.820
Eta0.9,367.00,35.000,25.000,40.00,0.900,10.000,26.000,94.00,12.0000,108.6480,0.0481,11.106240,17.868
Eta0.9,368.00,35.000,25.000,40.00,0.900,10.000,26.000,94.00,12.0000,108.6480,0.0481,11.136420,17.917
Eta0.9,369.00,35.000,25.000,40.00,0.900,10.000,26.000,94.00,12.0000,108.6480,0.0481,11.166600,17.965
Eta0.9,370.00,35.000,25.000,40.00,0.900,10.000,26.000,94.00,12.0000,108.6480,0.0481,11.196780,18.014
Eta0.9,371.00,35.000,25.000,40.00,0.900,10.000,26.000,94.00,12.0000,108.6480,0.0481,11.226960,18.062
Eta0.9,372.00,35.000,25.000,40.00,0.900,10.000,26.000,94.00,12.0000,108.6480,0.0481,11.257140,18.111
Eta0.9,373.00,35.000,25.000,40.00,0.900,10.000,26.000,94.00,12.0000,108.6480,0.0481,11.287320,18.160
Eta0.9,374.00,35.000,25.000,40.00,0.900,10.000,26.000,94.00,12.0000,108.6480,0.0481,11.317500,18.208
Eta0.9,375.00,35.000,25.000,40.00,0.900,10.000,26.000,94.00,12.0000,108.6480,0.0481,11.347680,18.257
Eta0.9,376.00,35.000,25.000,40.00,0.900,10.000,26.000,94.00,12.0000,108.6480,0.0481,11.377860,18.305
Eta0.9,377.00,35.000,25.000,40.00,0.900,10.000,26.000,94.00,12.0000,108.6480,0.0481,11.408040,18.354
Eta0.9,378.00,35.000,25.000,40.00,0.900,10.000,26.000,94.00,12.0000,108.6480,0.0481,11.438220,18.402
Eta0.9,379.00,35.000,25.000,40.00,0.900,10.000,26.000,94.00,12.0000,108.6480,0.0481,11.468400,18.451
Eta0.9,380.00,35.000,25.000,40.00,0.900,10.000,26.000,94.00,12.0000,108.6480,0.0481,11.498580,18.499
Eta0.9,381.00,35.000,25.000,40.00,0.900,10.000,26.000,94.00,12.0000,108.6480,0.0481,11.528760,18.548
Eta0.9,382.00,35.000,25.000,40.00,0.900,10.000,26.000,94.00,12.0000,108.6480,0.0481,11.558940,18.597
Eta0.9,383.00,35.000,25.000,40.00,0.900,10.000,26.000,94.00,12.0000,108.6480,0.0481,11.589120,18.645
Eta0.9,384.00,35.000,25.000,40.00,0.900,10.000,26.000,94.00,12.0000,108.6480,0.0481,11.619300,18.694
Eta0.9,385.00,35.000,25.000,40.00,0.900,10.000,26.000,94.00,12.0000,108.6480,0.0481,11.649480,18.742
Eta0.9,386.00,35.000,25.000,40.00,0.900,10.000,26.000,94.00,12.0000,108.6480,0.0481,11.679660,18.791
Eta0.9,387.00,35.000,25.000,40.00,0.900,10.000,26.000,94.00,12.0000,108.6480,0.0481,11.709840,18.839
Eta0.9,388.00,35.000,25.000,40.00,0.900,10.000,26.000,94.00,12.0000,108.6480,0.0481,11.740020,18.888
Eta0.9,389.00,35.000,25.000,40.00,0.900,10.000,26.000,94.00,12.0000,108.6480,0.0481,11.770200,18.936
Eta0.9,390.00,35.000,25.000,40.00,0.900,10.000,26.000,94.00,12.0000,108.6480,0.0481,11.800380,18.985
Eta0.9,391.00,35.000,25.000,40.00,0.900,10.000,26.000,94.00,12.0000,108.6480,0.0481,11.830560,19.034
Eta0.9,392.00,35.000,25.000,40.00,0.900,10.000,26.000,94.00,12.0000,108.6480,0.0481,11.860740,19.082
Eta0.9,393.00,35.000,25.000,40.00,0.900,10.000,26.000,94.00,12.0000,108.6480,0.0481,11.890920,19.131
Eta0.9,394.00,35.000,25.000,40.00,0.900,10.000,26.000,94.00,12.0000,108.6480,0.0481,11.921100,19.179
Eta0.9,395.00,35.000,25.000,40.00,0.900,10.000,26.000,94.00,12.0000,108.6480,0.0481,11.951280,19.228
Eta0.9,396.00,35.000,25.000,40.00,0.900,10.000,26.000,94.00,12.0000,108.6480,0.0481,11.981460,19.276
Eta0.9,397.00,35.000,25.000,40.00,0.900,10.000,26.000,94.00,12.0000,108.6480,0.0481,12.011640,19.325
Eta0.9,398.00,35.000,25.000,40.00,0.900,10.000,26.000,94.00,12.0000,108.6480,0.0481,12.041820,19.373
Eta0.9,399.00,35.000,25.000,40.00,0.900,10.000,26.000,94.00,12.0000,108.6480,0.0481,12.072000,19.422
Eta0.9,400.00,35.000,25.000,40.00,0.900,10.000,26.000,94.00,12.0000,108.6480,0.0481,12.102180,19.471
Eta0.9,401.00,35.000,25.000,40.00,0.900,10.000,26.000,94.00,12.0000,108.6480,0.0481,12.132360,19.519
Eta0.9,402.00,35.000,25.000,40.00,0.900,10.000,26.000,94.00,12.0000,108.6480,0.0481,12.162540,19.568
Eta0.9,403.00,35.000,25.000,40.00,0.900,10.000,26.000,94.00,12.0000,108.6480,0.0481,12.192720,19.616
Eta0.9,404.00,35.000,25.000,40.00,0.900,10.000,26.000,94.00,12.0000,108.6480,0.0481,12.222900,19.665
Eta0.9,405.00,35.000,25.000,40.00,0.900,10.000,26.000,94.00,12.0000,108.6480,0.0481,12.253080,19.713
Eta0.9,406.00,35.000,25.000,40.00,0.900,10.000,26.000,94.00,12.0000,108.6480,0.0481,12.283260,19.762
Eta0.9,407.00,35.000,25.000,40.00,0.900,10.000,26.000,94.00,12.0000,108.6480,0.0481,12.313440,19.810
Eta0.9,408.00,35.000,25.000,40.00,0.900,10.000,26.000,94.00,12.0000,108.6480,0.0481,12.343620,19.859
Eta0.9,409.00,35.000,25.000,40.00,0.900,10.000,26.000,94.00,12.0000,108.6480,0.0481,12.373800,19.908
Eta0.9,410.00,35.000,25.000,40.00,0.900,10.000,26.000,94.00,12.0000,108.6480,0.0481,12.403980,19.956
Eta0.9,411.00,35.000,25.000,40.00,0.900,10.000,26.000,94.00,12.0000,108.6480,0.0481,12.434160,20.005
Eta0.9,412.00,35.000,25.000,40.00,0.900,10.000,26.000,94.00,12.0000,108.6480,0.0481,12.464340,20.053
Eta0.9,413.00,35.000,25.000,40.00,0.900,10.000,26.000,94.00,12.0000,108.6480,0.0481,12.494520,20.102
Eta0.9,414.00,35.000,25.000,40.00,0.900,10.000,26.000,94.00,12.0000,108.6480,0.0481,12.524700,20.150
Eta0.9,415.00,35.000,25.000,40.00,0.900,10.000,26.000,94.00,12.0000,108.6480,0.0481,12.554880,20.199
Eta0.9,416.00,35.000,25.000,40.00,0.900,10.000,26.000,94.00,12.0000,108.6480,0.0481,12.585060,20.247
Eta0.9,417.00,35.000,25.000,40.00,0.900,10.000,26.000,94.00,12.0000,108.6480,0.0481,12.615240,20.296
Eta0.9,418.00,35.000,25.000,40.00,0.900,10.000,26.000,94.00,12.0000,108.6480,0.0481,12.645420,20.345
Eta0.9,419.00,35.000,25.000,40.00,0.900,10.000,26.000,94.00,12.0000,108.6480,0.0481,12.675600,20.393
Eta0.9,420.00,35.000,25.000,40.00,0.900,10.000,26.000,94.00,12.0000,108.6480,0.0481,12.705780,20.442
Eta0.9,421.00,35.000,25.000,40.00,0.900,10.000,26.000,94.00,12.0000,108.6480,0.0481,12.735960,20.490
Eta0.9,422.00,35.000,25.000,40.00,0.900,10.000,26.000,94.00,12.0000,108.6480,0.0481,12.766140,20.539
Eta0.9,423.00,35.000,25.000,40.00,0.900,10.000,26.000,94.00,12.0000,108.6480,0.0481,12.796320,20.587
Eta0.9,424.00,35.000,25.000,40.00,0.900,10.000,26.000,94.00,12.0000,108.6480,0.0481,12.826500,20.636
Eta0.9,425.00,35.000,25.000,40.00,0.900,10.000,26.000,94.00,12.0000,108.6480,0.0481,12.856680,20.684
Eta0.9,426.00,35.000,25.000,40.00,0.900,10.000,26.000,94.00,12.0000,108.6480,0.0481,12.886860,20.733
Eta0.9,427.00,35.000,25.000,40.00,0.900,10.000,26.000,94.00,12.0000,108.6480,0.0481,12.917040,20.782
Eta0.9,428.00,35.000,25.000,40.00,0.900,10.000,26.000,94.00,12.0000,108.6480,0.0481,12.947220,20.830
Eta0.9,429.00,35.000,25.000,40.00,0.900,10.000,26.000,94.00,12.0000,108.6480,0.0481,12.977400,20.879
Eta0.9,430.00,35.000,25.000,40.00,0.900,10.000,26.000,94.00,12.0000,108.6480,0.0481,13.007580,20.927
Eta0.9,431.00,35.000,25.000,40.00,0.900,10.000,26.000,94.00,12.0000,108.6480,0.0481,13.037760,20.976
Eta0.9,432.00,35.000,25.000,40.00,0.900,10.000,26.000,94.00,12.0000,108.6480,0.0481,13.067940,21.024
Eta0.9,433.00,35.000,25.000,40.00,0.900,10.000,26.000,94.00,12.0000,108.6480,0.0481,13.098120,21.073
Eta0.9,434.00,35.000,25.000,40.00,0.900,10.000,26.000,94.00,12.0000,108.6480,0.0481,13.128300,21.121
Eta0.9,435.00,35.000,25.000,40.00,0.900,10.000,26.000,94.00,12.0000,108.6480,0.0481,13.158480,21.170
Eta0.9,436.00,35.000,25.000,40.00,0.900,10.000,26.000,94.00,12.0000,108.6480,0.0481,13.188660,21.219
Eta0.9,437.00,35.000,25.000,40.00,0.900,10.000,26.000,94.00,12.0000,108.6480,0.0481,13.218840,21.267
Eta0.9,438.00,35.000,25.000,40.00,0.900,10.000,26.000,94.00,12.0000,108.6480,0.0481,13.249020,21.316
Eta0.9,439.00,35.000,25.000,40.00,0.900,10.000,26.000,94.00,12.0000,108.6480,0.0481,13.279200,21.364
Eta0.9,440.00,35.000,25.000,40.00,0.900,10.000,26.000,94.00,12.0000,108.6480,0.0481,13.309380,21.413
Eta0.9,441.00,35.000,25.000,40.00,0.900,10.000,26.000,94.00,12.0000,108.6480,0.0481,13.339560,21.461
Eta0.9,442.00,35.000,25.000,40.00,0.900,10.000,26.000,94.00,12.0000,108.6480,0.0481,13.369740,21.510
Eta0.9,443.00,35.000,25.000,40.00,0.900,10.000,26.000,94.00,12.0000,108.6480,0.0481,13.399920,21.558
Eta0.9,444.00,35.000,25.000,40.00,0.900,10.000,26.000,94.00,12.0000,108.6480,0.0481,13.430100,21.607
Eta0.9,445.00,35.000,25.000,40.00,0.900,10.000,26.000,94.00,12.0000,108.6480,0.0481,13.460280,21.656
Eta0.9,446.00,35.000,25.000,40.00,0.900,10.000,26.000,94.00,12.0000,108.6480,0.0481,13.490460,21.704
Eta0.9,447.00,35.000,25.000,40.00,0.900,10.000,26.000,94.00,12.0000,108.6480,0.0481,13.520640,21.753
Eta0.9,448.00,35.000,25.000,40.00,0.900,10.000,26.000,94.00,12.0000,108.6480,0.0481,13.550820,21.801
Eta0.9,449.00,35.000,25.000,40.00,0.900,10.000,26.000,94.00,12.0000,108.6480,0.0481,13.581000,21.850
Eta0.9,450.00,35.000,25.000,40.00,0.900,10.000,26.000,94.00,12.0000,108.6480,0.0481,13.611180,21.898
Eta0.9,451.00,35.000,25.000,40.00,0.900,10.000,26.000,94.00,12.0000,108.6480,0.0481,13.641360,21.947
Eta0.9,452.00,35.000,25.000,40.00,0.900,10.000,26.000,94.00,12.0000,108.6480,0.0481,13.671540,21.995
Eta0.9,453.00,35.000,25.000,40.00,0.900,10.000,26.000,94.00,12.0000,108.6480,0.0481,13.701720,22.044
Eta0.9,454.00,35.000,25.000,40.00,0.900,10.000,26.000,94.00,12.0000,108.6480,0.0481,13.731900,22.093
Eta0.9,455.00,35.000,25.000,40.00,0.900,10.000,26.000,94.00,12.0000,108.6480,0.0481,13.762080,22.141
Eta0.9,456.00,35.000,25.000,40.00,0.900,10.000,26.000,94.00,12.0000,108.6480,0.0481,13.792260,22.190
Eta0.9,457.00,35.000,25.000,40.00,0.900,10.000,26.000,94.00,12.0000,108.6480,0.0481,13.822440,22.238
Eta0.9,458.00,35.000,25.000,40.00,0.900,10.000,26.000,94.00,12.0000,108.6480,0.0481,13.852620,22.287
Eta0.9,459.00,35.000,25.000,40.00,0.900,10.000,26.000,94.00,12.0000,108.6480,0.0481,13.882800,22.335
Eta0.9,460.00,35.000,25.000,40.00,0.900,10.000,26.000,94.00,12.0000,108.6480,0.0481,13.912980,22.384
Eta0.9,461.00,35.000,25.000,40.00,0.900,10.000,26.000,94.00,12.0000,108.6480,0.0481,13.943160,22.432
Eta0.9,462.00,35.000,25.000,40.00,0.900,10.000,26.000,94.00,12.0000,108.6480,0.0481,13.973340,22.481
Eta0.9,463.00,35.000,25.000,40.00,0.900,10.000,26.000,94.00,12.0000,108.6480,0.0481,14.003520,22.530
Eta0.9,464.00,35.000,25.000,40.00,0.900,10.000,26.000,94.00,12.0000,108.6480,0.0481,14.033700,22.578
Eta0.9,465.00,35.000,25.000,40.00,0.900,10.000,26.000,94.00,12.0000,108.6480,0.0481,14.063880,22.627
Eta0.9,466.00,35.000,25.000,40.00,0.900,10.000,26.000,94.00,12.0000,108.6480,0.0481,14.094060,22.675
Eta0.9,467.00,35.000,25.000,40.00,0.900,10.000,26.000,94.00,12.0000,108.6480,0.0481,14.124240,22.724
Eta0.9,468.00,35.000,25.000,40.00,0.900,10.000,26.000,94.00,12.0000,108.6480,0.0481,14.154420,22.772
Eta0.9,469.00,35.000,25.000,40.00,0.900,10.000,26.000,94.00,12.0000,108.6480,0.0481,14.184600,22.821
Eta0.9,470.00,35.000,25.000,40.00,0.900,10.000,26.000,94.00,12.0000,108.6480,0.0481,14.214780,22.869
Eta0.9,471.00,35.000,25.000,40.00,0.900,10.000,26.000,94.00,12.0000,108.6480,0.0481,14.244960,22.918
Eta0.9,472.00,35.000,25.000,40.00,0.900,10.000,26.000,94.00,12.0000,108.6480,0.0481,14.275140,22.967
Eta0.9,473.00,35.000,25.000,40.00,0.900,10.000,26.000,94.00,12.0000,108.6480,0.0481,14.305320,23.015
Eta0.9,474.00,35.000,25.000,40.00,0.900,10.000,26.000,94.00,12.0000,108.6480,0.0481,14.335500,23.064
Eta0.9,475.00,35.000,25.000,40.00,0.900,10.000,26.000,94.00,12.0000,108.6480,0.0481,14.365680,23.112
Eta0.9,476.00,35.000,25.000,40.00,0.900,10.000,26.000,94.00,12.0000,108.6480,0.0481,14.395860,23.161
Eta0.9,477.00,35.000,25.000,40.00,0.900,10.000,26.000,94.00,12.0000,108.6480,0.0481,14.426040,23.209
Eta0.9,478.00,35.000,25.000,40.00,0.900,10.000,26.000,94.00,12.0000,108.6480,0.0481,14.456220,23.258
Eta0.9,479.00,35.000,25.000,40.00,0.900,10.000,26.000,94.00,12.0000,108.6480,0.0481,14.486400,23.306
Eta0.9,480.00,35.000,25.000,40.00,0.900,10.000,26.000,94.00,12.0000,108.6480,0.0481,14.516580,23.355
Eta0.9,481.00,35.000,25.000,40.00,0.900,10.000,26.000,94.00,12.0000,108.6480,0.0481,14.546760,23.404
Eta0.9,482.00,35.000,25.000,40.00,0.900,10.000,26.000,94.00,12.0000,108.6480,0.0481,14.576940,23.452
Eta0.9,483.00,35.000,25.000,40.00,0.900,10.000,26.000,94.00,12.0000,108.6480,0.0481,14.607120,23.501
Eta0.9,484.00,35.000,25.000,40.00,0.900,10.000,26.000,94.00,12.0000,108.6480,0.0481,14.637300,23.549
Eta0.9,485.00,35.000,25.000,40.00,0.900,10.000,26.000,94.00,12.0000,108.6480,0.0481,14.667480,23.598
Eta0.9,486.00,35.000,25.000,40.00,0.900,10.000,26.000,94.00,12.0000,108.6480,0.0481,14.697660,23.646
Eta0.9,487.00,35.000,25.000,40.00,0.900,10.000,26.000,94.00,12.0000,108.6480,0.0481,14.727840,23.695
Eta0.9,488.00,35.000,25.000,40.00,0.900,10.000,26.000,94.00,12.0000,108.6480,0.0481,14.758020,23.743
Eta0.9,489.00,35.000,25.000,40.00,0.900,10.000,26.000,94.00,12.0000,108.6480,0.0481,14.788200,23.792
Eta0.9,490.00,35.000,25.000,40.00,0.900,10.000,26.000,94.00,12.0000,108.6480,0.0481,14.818380,23.841
Eta0.9,491.00,35.000,25.000,40.00,0.900,10.000,26.000,94.00,12.0000,108.6480,0.0481,14.848560,23.889
Eta0.9,492.00,35.000,25.000,40.00,0.900,10.000,26.000,94.00,12.0000,108.6480,0.0481,14.878740,23.938
Eta0.9,493.00,35.000,25.000,40.00,0.900,10.000,26.000,94.00,12.0000,108.6480,0.0481,14.908920,23.986
Eta0.9,494.00,35.000,25.000,40.00,0.900,10.000,26.000,94.00,12.0000,108.6480,0.0481,14.939100,24.035
Eta0.9,495.00,35.000,25.000,40.00,0.900,10.000,26.000,94.00,12.0000,108.6480,0.0481,14.969280,24.083
Eta0.9,496.00,35.000,25.000,40.00,0.900,10.000,26.000,94.00,12.0000,108.6480,0.0481,14.999460,24.132
Eta0.9,497.00,35.000,25.000,40.00,0.900,10.000,26.000,94.00,12.0000,108.6480,0.0481,15.029640,24.180
Eta0.9,498.00,35.000,25.000,40.00,0.900,10.000,26.000,94.00,12.0000,108.6480,0.0481,15.059820,24.229
Eta0.9,499.00,35.000,25.000,40.00,0.900,10.000,26.000,94.00,12.0000,108.6480,0.0481,15.090000,24.278
Eta0.9,500.00,35.000,25.000,40.00,0.900,10.000,26.000,94.00,12.0000,108.6480,0.0481,15.120180,24.326
Eta0.9,501.00,35.000,25.000,40.00,0.900,10.000,26.000,94.00,12.0000,108.6480,0.0481,15.150360,24.375
Eta0.9,502.00,35.000,25.000,40.00,0.900,10.000,26.000,94.00,12.0000,108.6480,0.0481,15.180540,24.423
Eta0.9,503.00,35.000,25.000,40.00,0.900,10.000,26.000,94.00,12.0000,108.6480,0.0481,15.210720,24.472
Eta0.9,504.00,35.000,25.000,40.00,0.900,10.000,26.000,94.00,12.0000,108.6480,0.0481,15.240900,24.520
Eta0.9,505.00,35.000,25.000,40.00,0.900,10.000,26.000,94.00,12.0000,108.6480,0.0481,15.271080,24.569
Eta0.9,506.00,35.000,25.000,40.00,0.900,10.000,26.000,94.00,12.0000,108.6480,0.0481,15.301260,24.617
Eta0.9,507.00,35.000,25.000,40.00,0.900,10.000,26.000,94.00,12.0000,108.6480,0.0481,15.331440,24.666
Eta0.9,508.00,35.000,25.000,40.00,0.900,10.000,26.000,94.00,12.0000,108.6480,0.0481,15.361620,24.715
Eta0.9,509.00,35.000,25.000,40.00,0.900,10.000,26.000,94.00,12.0000,108.6480,0.0481,15.391800,24.763
Eta0.9,510.00,35.000,25.000,40.00,0.900,10.000,26.000,94.00,12.0000,108.6480,0.0481,15.421980,24.812
Eta0.9,511.00,35.000,25.000,40.00,0.900,10.000,26.000,94.00,12.0000,108.6480,0.0481,15.452160,24.860
Eta0.9,512.00,35.000,25.000,40.00,0.900,10.000,26.000,94.00,12.0000,108.6480,0.0481,15.482340,24.909
Eta0.9,513.00,35.000,25.000,40.00,0.900,10.000,26.000,94.00,12.0000,108.6480,0.0481,15.512520,24.957
Eta0.9,514.00,35.000,25.000,40.00,0.900,10.000,26.000,94.00,12.0000,108.6480,0.0481,15.542700,25.006
Eta0.9,515.00,35.000,25.000,40.00,0.900,10.000,26.000,94.00,12.0000,108.6480,0.0481,15.572880,25.054
Eta0.9,516.00,35.000,25.000,40.00,0.900,10.000,26.000,94.00,12.0000,108.6480,0.0481,15.603060,25.103
Eta0.9,517.00,35.000,25.000,40.00,0.900,10.000,26.000,94.00,12.0000,108.6480,0.0481,15.633240,25.152
Eta0.9,518.00,35.000,25.000,40.00,0.900,10.000,26.000,94.00,12.0000,108.6480,0.0481,15.663420,25.200
Eta0.9,519.00,35.000,25.000,40.00,0.900,10.000,26.000,94.00,12.0000,108.6480,0.0481,15.693600,25.249
Eta0.9,520.00,35.000,25.000,40.00,0.900,10.000,26.000,94.00,12.0000,108.6480,0.0481,15.723780,25.297
Eta0.9,521.00,35.000,25.000,40.00,0.900,10.000,26.000,94.00,12.0000,108.6480,0.0481,15.753960,25.346
Eta0.9,522.00,35.000,25.000,40.00,0.900,10.000,26.000,94.00,12.0000,108.6480,0.0481,15.784140,25.394
Eta0.9,523.00,35.000,25.000,40.00,0.900,10.000,26.000,94.00,12.0000,108.6480,0.0481,15.814320,25.443
Eta0.9,524.00,35.000,25.000,40.00,0.900,10.000,26.000,94.00,12.0000,108.6480,0.0481,15.844500,25.491
Eta0.9,525.00,35.000,25.000,40.00,0.900,10.000,26.000,94.00,12.0000,108.6480,0.0481,15.874680,25.540
Eta0.9,526.00,35.000,25.000,40.00,0.900,10.000,26.000,94.00,12.0000,108.6480,0.0481,15.904860,25.589
Eta0.9,527.00,35.000,25.000,40.00,0.900,10.000,26.000,94.00,12.0000,108.6480,0.0481,15.935040,25.637
Eta0.9,528.00,35.000,25.000,40.00,0.900,10.000,26.000,94.00,12.0000,108.6480,0.0481,15.965220,25.686
Eta0.9,529.00,35.000,25.000,40.00,0.900,10.000,26.000,94.00,12.0000,108.6480,0.0481,15.995400,25.734
Eta0.9,530.00,35.000,25.000,40.00,0.900,10.000,26.000,94.00,12.0000,108.6480,0.0481,16.025580,25.783
Eta0.9,531.00,35.000,25.000,40.00,0.900,10.000,26.000,94.00,12.0000,108.6480,0.0481,16.055760,25.831
Eta0.9,532.00,35.000,25.000,40.00,0.900,10.000,26.000,94.00,12.0000,108.6480,0.0481,16.085940,25.880
Eta0.9,533.00,35.000,25.000,40.00,0.900,10.000,26.000,94.00,12.0000,108.6480,0.0481,16.116120,25.928
Eta0.9,534.00,35.000,25.000,40.00,0.900,10.000,26.000,94.00,12.0000,108.6480,0.0481,16.146300,25.977
Eta0.9,535.00,35.000,25.000,40.00,0.900,10.000,26.000,94.00,12.0000,108.6480,0.0481,16.176480,26.026
Eta0.9,536.00,35.000,25.000,40.00,0.900,10.000,26.000,94.00,12.0000,108.6480,0.0481,16.206660,26.074
Eta0.9,537.00,35.000,25.000,40.00,0.900,10.000,26.000,94.00,12.0000,108.6480,0.0481,16.236840,26.123
Eta0.9,538.00,35.000,25.000,40.00,0.900,10.000,26.000,94.00,12.0000,108.6480,0.0481,16.267020,26.171
Eta0.9,539.00,35.000,25.000,40.00,0.900,10.000,26.000,94.00,12.0000,108.6480,0.0481,16.297200,26.220
Eta0.9,540.00,35.000,25.000,40.00,0.900,10.000,26.000,94.00,12.0000,108.6480,0.0481,16.327380,26.268
Eta0.9,541.00,35.000,25.000,40.00,0.900,10.000,26.000,94.00,12.0000,108.6480,0.0481,16.357560,26.317
Eta0.9,542.00,35.000,25.000,40.00,0.900,10.000,26.000,94.00,12.0000,108.6480,0.0481,16.387740,26.365
Eta0.9,543.00,35.000,25.000,40.00,0.900,10.000,26.000,94.00,12.0000,108.6480,0.0481,16.417920,26.414
Eta0.9,544.00,35.000,25.000,40.00,0.900,10.000,26.000,94.00,12.0000,108.6480,0.0481,16.448100,26.463
Eta0.9,545.00,35.000,25.000,40.00,0.900,10.000,26.000,94.00,12.0000,108.6480,0.0481,16.478280,26.511
Eta0.9,546.00,35.000,25.000,40.00,0.900,10.000,26.000,94.00,12.0000,108.6480,0.0481,16.508460,26.560
Eta0.9,547.00,35.000,25.000,40.00,0.900,10.000,26.000,94.00,12.0000,108.6480,0.0481,16.538640,26.608
Eta0.9,548.00,35.000,25.000,40.00,0.900,10.000,26.000,94.00,12.0000,108.6480,0.0481,16.568820,26.657
Eta0.9,549.00,35.000,25.000,40.00,0.900,10.000,26.000,94.00,12.0000,108.6480,0.0481,16.599000,26.705
Eta0.9,550.00,35.000,25.000,40.00,0.900,10.000,26.000,94.00,12.0000,108.6480,0.0481,16.629180,26.754
Eta0.9,551.00,35.000,25.000,40.00,0.900,10.000,26.000,94.00,12.0000,108.6480,0.0481,16.659360,26.802
Eta0.9,552.00,35.000,25.000,40.00,0.900,10.000,26.000,94.00,12.0000,108.6480,0.0481,16.689540,26.851
Eta0.9,553.00,35.000,25.000,40.00,0.900,10.000,26.000,94.00,12.0000,108.6480,0.0481,16.719720,26.900
Eta0.9,554.00,35.000,25.000,40.00,0.900,10.000,26.000,94.00,12.0000,108.6480,0.0481,16.749900,26.948
Eta0.9,555.00,35.000,25.000,40.00,0.900,10.000,26.000,94.00,12.0000,108.6480,0.0481,16.780080,26.997
Eta0.9,556.00,35.000,25.000,40.00,0.900,10.000,26.000,94.00,12.0000,108.6480,0.0481,16.810260,27.045
Eta0.9,557.00,35.000,25.000,40.00,0.900,10.000,26.000,94.00,12.0000,108.6480,0.0481,16.840440,27.094
Eta0.9,558.00,35.000,25.000,40.00,0.900,10.000,26.000,94.00,12.0000,108.6480,0.0481,16.870620,27.142
Eta0.9,559.00,35.000,25.000,40.00,0.900,10.000,26.000,94.00,12.0000,108.6480,0.0481,16.900800,27.191
Eta0.9,560.00,35.000,25.000,40.00,0.900,10.000,26.000,94.00,12.0000,108.6480,0.0481,16.930980,27.239
Eta0.9,561.00,35.000,25.000,40.00,0.900,10.000,26.000,94.00,12.0000,108.6480,0.0481,16.961160,27.288
Eta0.9,562.00,35.000,25.000,40.00,0.900,10.000,26.000,94.00,12.0000,108.6480,0.0481,16.991340,27.337
Eta0.9,563.00,35.000,25.000,40.00,0.900,10.000,26.000,94.00,12.0000,108.6480,0.0481,17.021520,27.385
Eta0.9,564.00,35.000,25.000,40.00,0.900,10.000,26.000,94.00,12.0000,108.6480,0.0481,17.051700,27.434
Eta0.9,565.00,35.000,25.000,40.00,0.900,10.000,26.000,94.00,12.0000,108.6480,0.0481,17.081880,27.482
Eta0.9,566.00,35.000,25.000,40.00,0.900,10.000,26.000,94.00,12.0000,108.6480,0.0481,17.112060,27.531
Eta0.9,567.00,35.000,25.000,40.00,0.900,10.000,26.000,94.00,12.0000,108.6480,0.0481,17.142240,27.579
Eta0.9,568.00,35.000,25.000,40.00,0.900,10.000,26.000,94.00,12.0000,108.6480,0.0481,17.172420,27.628
Eta0.9,569.00,35.000,25.000,40.00,0.900,10.000,26.000,94.00,12.0000,108.6480,0.0481,17.202600,27.676
Eta0.9,570.00,35.000,25.000,40.00,0.900,10.000,26.000,94.00,12.0000,108.6480,0.0481,17.232780,27.725
Eta0.9,571.00,35.000,25.000,40.00,0.900,10.000,26.000,94.00,12.0000,108.6480,0.0481,17.262960,27.774
Eta0.9,572.00,35.000,25.000,40.00,0.900,10.000,26.000,94.00,12.0000,108.6480,0.0481,17.293140,27.822
Eta0.9,573.00,35.000,25.000,40.00,0.900,10.000,26.000,94.00,12.0000,108.6480,0.0481,17.323320,27.871
Eta0.9,574.00,35.000,25.000,40.00,0.900,10.000,26.000,94.00,12.0000,108.6480,0.0481,17.353500,27.919
Eta0.9,575.00,35.000,25.000,40.00,0.900,10.000,26.000,94.00,12.0000,108.6480,0.0481,17.383680,27.968
Eta0.9,576.00,35.000,25.000,40.00,0.900,10.000,26.000,94.00,12.0000,108.6480,0.0481,17.413860,28.016
Eta0.9,577.00,35.000,25.000,40.00,0.900,10.000,26.000,94.00,12.0000,108.6480,0.0481,17.444040,28.065
Eta0.9,578.00,35.000,25.000,40.00,0.900,10.000,26.000,94.00,12.0000,108.6480,0.0481,17.474220,28.113
Eta0.9,579.00,35.000,25.000,40.00,0.900,10.000,26.000,94.00,12.0000,108.6480,0.0481,17.504400,28.162
Eta0.9,580.00,35.000,25.000,40.00,0.900,10.000,26.000,94.00,12.0000,108.6480,0.0481,17.534580,28.211
Eta0.9,581.00,35.000,25.000,40.00,0.900,10.000,26.000,94.00,12.0000,108.6480,0.0481,17.564760,28.259
Eta0.9,582.00,35.000,25.000,40.00,0.900,10.000,26.000,94.00,12.0000,108.6480,0.0481,17.594940,28.308
Eta0.9,583.00,35.000,25.000,40.00,0.900,10.000,26.000,94.00,12.0000,108.6480,0.0481,17.625120,28.356
Eta0.9,584.00,35.000,25.000,40.00,0.900,10.000,26.000,94.00,12.0000,108.6480,0.0481,17.655300,28.405
Eta0.9,585.00,35.000,25.000,40.00,0.900,10.000,26.000,94.00,12.0000,108.6480,0.0481,17.685480,28.453
Eta0.9,586.00,35.000,25.000,40.00,0.900,10.000,26.000,94.00,12.0000,108.6480,0.0481,17.715660,28.502
Eta0.9,587.00,35.000,25.000,40.00,0.900,10.000,26.000,94.00,12.0000,108.6480,0.0481,17.745840,28.550
Eta0.9,588.00,35.000,25.000,40.00,0.900,10.000,26.000,94.00,12.0000,108.6480,0.0481,17.776020,28.599
Eta0.9,589.00,35.000,25.000,40.00,0.900,10.000,26.000,94.00,12.0000,108.6480,0.0481,17.806200,28.647
Eta0.9,590.00,35.000,25.000,40.00,0.900,10.000,26.000,94.00,12.0000,108.6480,0.0481,17.836380,28.696
Eta0.9,591.00,35.000,25.000,40.00,0.900,10.000,26.000,94.00,12.0000,108.6480,0.0481,17.866560,28.745
Eta0.9,592.00,35.000,25.000,40.00,0.900,10.000,26.000,94.00,12.0000,108.6480,0.0481,17.896740,28.793
Eta0.9,593.00,35.000,25.000,40.00,0.900,10.000,26.000,94.00,12.0000,108.6480,0.0481,17.926920,28.842
Eta0.9,594.00,35.000,25.000,40.00,0.900,10.000,26.000,94.00,12.0000,108.6480,0.0481,17.957100,28.890
Eta0.9,595.00,35.000,25.000,40.00,0.900,10.000,26.000,94.00,12.0000,108.6480,0.0481,17.987280,28.939
Eta0.9,596.00,35.000,25.000,40.00,0.900,10.000,26.000,94.00,12.0000,108.6480,0.0481,18.017460,28.987
Eta0.9,597.00,35.000,25.000,40.00,0.900,10.000,26.000,94.00,12.0000,108.6480,0.0481,18.047640,29.036
Eta0.9,598.00,35.000,25.000,40.00,0.900,10.000,26.000,94.00,12.0000,108.6480,0.0481,18.077820,29.084
Eta0.9,599.00,35.000,25.000,40.00,0.900,10.000,26.000,94.00,12.0000,108.6480,0.0481,18.108000,29.133
Eta0.9,600.00,35.000,25.000,40.00,0.900,10.000,26.000,94.00,12.0000,108.6480,0.0481,18.138180,29.182
